time,x,y,z,vx,vy,vz
1774469289.5397885,0.599512777048338,0.18336380779867362,0.0,-14.65239332132849,-4.477916128285166,0.0
1774469296.4920826,0.20326973513704844,0.061317502524910944,60.0,-0.38978293640667977,-0.17702859765102277,0.0
1774469296.5399864,0.2035855581208492,0.06097030503147982,60.0,-0.4037138683823359,-0.1631412941436451,0.0
1774469296.5897915,0.20408796829349307,0.06035905100699988,60.0,-0.42563537394607576,-0.13793624788264813,0.0
1774469296.6397767,0.20458423024094702,0.0597598758559427,60.0,-0.4473118036666586,-0.1132141684755626,0.0
1774469296.6900141,0.20521791550257135,0.059437679175449204,60.0,-0.4748792652091033,-0.10029252848503149,0.0
1774469296.739786,0.20584452270197381,0.05912812462077731,60.0,-0.5021646963066174,-0.087875241364227,0.0
1774469296.7898195,0.2060358681120452,0.05817174042429487,60.0,-0.5108759912325564,-0.04778678555696342,0.0
1774469296.839763,0.20621880093448014,0.05722743301692851,60.0,-0.5192531965542102,-0.00818096645409614,0.0
1774469296.8899312,0.2066001857777302,0.05642367881539452,60.0,-0.5361338781987761,0.025456075073014756,0.0
1774469296.9397907,0.20697348685491224,0.0556336608670888,60.0,-0.5526934174360539,0.0585451582783405,0.0
1774469296.9898336,0.207422317382211,0.055326914771590685,60.0,-0.5725045804303456,0.07102844011655972,0.0
1774469297.0399868,0.20786272284751867,0.05503492876240332,60.0,-0.59198112934535,0.08292371442645445,0.0
1774469297.0897925,0.20781833173123265,0.054639110745469066,60.0,-0.5907727486425491,0.09929638357758404,0.0
1774469297.139837,0.2075723120415544,0.0545337162434475,60.0,-0.5809778282183651,0.10330231685285737,0.0
1774469297.1898026,0.2073178293328609,0.05444217758463314,60.0,-0.5708469651339362,0.10675642743768415,0.0
1774469297.239801,0.2070557532231033,0.05436384699444274,60.0,-0.5604146945867742,0.10968451716391009,0.0
1774469297.2898002,0.2065778364945448,0.05410312303268172,60.0,-0.5407819846387926,0.12044104507655155,0.0
1774469297.3399513,0.20609393493350947,0.05385434186686473,60.0,-0.5209116264780693,0.1307220500373827,0.0
1774469297.3898206,0.2050734832639734,0.053838063945959955,60.0,-0.47813381041605746,0.13110412388805776,0.0
1774469297.439777,0.20404916133342366,0.05383319483055996,60.0,-0.4352018556649758,0.13103181197256955,0.0
1774469297.4899848,0.2033736602031326,0.054231369414416135,60.0,-0.40717779487657785,0.1137717803541866,0.0
1774469297.5397534,0.20400328915344437,0.05533576230260577,60.0,-0.43491267958053864,0.06636929748613205,0.0
1774469297.589769,0.20463393287827708,0.056449116365461384,60.0,-0.46268947836871366,0.01860850467918801,0.0
1774469297.6398244,0.20478368884717452,0.0573161851250517,60.0,-0.4699229432146857,-0.018612543882390423,0.0
1774469297.6898,0.20493222113168277,0.05818760617151142,60.0,-0.47710859432396846,-0.05600828235856339,0.0
1774469297.739771,0.20507696854088345,0.05899434918728554,60.0,-0.4841376058310721,-0.09063441098961797,0.0
1774469297.78979,0.20522008660096666,0.05980214185081274,60.0,-0.49110262679092054,-0.12530377296144868,0.0
1774469297.83976,0.2050091275852487,0.06210501764438118,60.0,-0.4829453594254237,-0.22385509459879693,0.0
1774469297.8898113,0.20479617356397845,0.06440631099963914,60.0,-0.4747088863296611,-0.3223476142021441,0.0
1774469297.9397829,0.20479617356397845,0.06440631099963914,60.0,-0.4747088863296611,-0.3223476142021441,0.0
1774469297.9898071,0.20525025865399904,0.0665441220501532,60.0,-0.49497839367994134,-0.4138746404544444,0.0
1774469298.0398552,0.2057032292510807,0.06867310691636751,60.0,-0.5152049639185607,-0.5050543434240915,0.0
1774469298.0900874,0.20611118150615637,0.07053356731192,60.0,-0.5335146895604069,-0.584798777630872,0.0
1774469298.1398172,0.2065166187378718,0.0723793089379568,60.0,-0.5517256085274054,-0.6639608447832598,0.0
1774469298.1898477,0.2068504461510122,0.07414191665068867,60.0,-0.5668868149915852,-0.7396235833226036,0.0
1774469298.2398348,0.20718066428553897,0.0758854838109985,60.0,-0.5819054659091331,-0.814531745537985,0.0
1774469298.290093,0.20757777451460752,0.07780906603996127,60.0,-0.5997954165290488,-0.8971969960728959,0.0
1774469298.3399508,0.20797055067623627,0.07971010139151463,60.0,-0.617514057713782,-0.978968440269197,0.0
1774469298.3898172,0.20883234746481497,0.08171316581753406,70.0,-0.6552917410165903,-1.0651753833038027,0.0
1774469298.4398038,0.20968898404827904,0.08369004751514347,70.0,-0.69286620542334,-1.1503439212216102,0.0
1774469298.4898717,0.6972203883744499,0.08577361923188297,70.0,-0.19979486468004426,-1.2401579604652162,0.0
1774469298.5397093,1.185129751798041,0.08782752237239291,70.0,0.27822776909559704,-1.3287949359847835,0.0
1774469298.5900896,1.672877851739237,0.08999408986991186,70.0,0.7642398457028488,-1.4223431500547794,0.0
1774469298.6400268,2.1609978015308684,0.09212763105920051,70.0,1.2354480003399586,-1.51458071407278,0.0
1774469298.6897852,2.6506930823564283,0.09386858552573192,70.0,1.6404052513388505,-1.590144220396237,0.0
1774469298.739829,3.14075435668337,0.09557323393385254,70.0,2.030789104007972,-1.6642654198670972,0.0
1774469298.7899935,3.6306350343044143,0.0971154877472082,70.0,2.4299467348326402,-1.7315570669059333,0.0
1774469298.839946,4.120870334533729,0.09861989440385546,70.0,2.8149849235648556,-1.7973445111923227,0.0
1774469298.8903558,4.611442212643505,0.09934538297620496,70.0,3.1866599409375045,-1.8299510105517165,0.0
1774469298.9397852,5.102358229693497,0.1000322495470136,70.0,3.5446327799555326,-1.861020563573647,0.0
1774469298.989839,5.593559586116042,0.10149060287794384,70.0,3.891400540201103,-1.925180792518729,0.0
1774469299.0399208,6.085093725573982,0.10291233522537999,70.0,4.224918112593812,-1.987885355045526,0.0
1774469299.0899668,6.577150872675864,0.10395693010530031,70.0,4.537035971265251,-2.03457806482808,0.0
1774469299.1399386,7.069528883542154,0.10496424581875098,70.0,4.836377464084033,-2.0797878996515617,0.0
1774469299.1898403,7.562286202454403,0.10579881597361274,70.0,5.120424645675542,-2.1177222423367823,0.0
1774469299.239801,8.055351215113031,0.10659684727466691,70.0,5.3922193698831755,-2.154202684646248,0.0
1774469299.2901485,8.548779689975328,0.10708853479139678,70.0,5.6493570205245085,-2.177691989182996,0.0
1774469299.3397772,9.042502082106541,0.10754498973948934,70.0,5.894790282382185,-2.1997786651704554,0.0
1774469299.3899527,9.536105043121475,0.10783976198287049,70.0,6.1461711969189565,-2.2150528321450493,0.0
1774469299.4399052,10.029987668480675,0.10810155175894179,70.0,6.386415719779557,-2.2290135792537376,0.0
1774469299.4900208,10.524403325705538,0.10778846457076775,70.0,6.604671181004092,-2.218486846183357,0.0
1774469299.5398471,11.019085626446218,0.10744498059486259,70.0,6.812307830416756,-2.2067485050653284,0.0
1774469299.5897915,11.513961416681752,0.10714175600891136,70.0,7.012432891416053,-2.196813393814464,0.0
1774469299.6398618,12.009089808205719,0.1068123987280427,70.0,7.202498093571131,-2.1858366042273807,0.0
1774469299.6899078,12.504326928521014,0.10632653952918718,70.0,7.388635110793274,-2.168237828625944,0.0
1774469299.739787,12.99980284403948,0.1058182682543192,70.0,7.5652619689430285,-2.149745298710887,0.0
1774469299.789803,13.495508559988513,0.10515495148681374,70.0,7.732743605077925,-2.124681453262893,0.0
1774469299.8397846,13.991439798267654,0.10447309357258514,70.0,7.891243324899905,-2.0988778030707382,0.0
1774469299.8900957,14.487595835821086,0.10411125975450308,70.0,8.040772499424108,-2.0868068276481537,0.0
1774469299.9397793,14.983964237106386,0.1037349049438036,70.0,8.181843480525043,-2.0741567663734335,0.0
1774469299.9898357,15.480670728125508,0.10320838440430195,70.0,8.309060184035703,-2.055122843735807,0.0
1774469300.0400915,15.977576586405126,0.10266989757090328,70.0,8.428335806467194,-2.035611367707423,0.0
1774469300.0901313,16.474398926853492,0.10172177428203016,70.0,8.551748863212467,-1.998610993135413,0.0
1774469300.1398296,16.97140741807546,0.10076445209988047,70.0,8.66774741301621,-1.9612427085079238,0.0
1774469300.1897864,17.468477891565247,0.100744412379936,70.0,8.781624113968475,-1.9639801872919695,0.0
1774469300.2398307,17.965722532451093,0.10071906823144162,70.0,8.888563522717,-1.9665063394450715,0.0
1774469300.2899766,18.462781549206724,0.09968505792668698,70.0,9.003936899332603,-1.9259072421444077,0.0
1774469300.3400831,18.960003384091866,0.09864607107598575,70.0,9.112825287225885,-1.8851084447187356,0.0
1774469300.3897913,19.457726577632563,0.09800185629187923,70.0,9.20073431620701,-1.8612020595192758,0.0
1774469300.4397955,19.955602698346176,0.09735631007178693,70.0,9.28255162144322,-1.837241792991022,0.0
1774469300.489831,20.453429102505073,0.09698312673920836,70.0,9.366928475886183,-1.8249311153993455,0.0
1774469300.540085,20.951397569733512,0.09661057951172759,70.0,9.445646420821921,-1.8126453190795893,0.0
1774469300.5898604,21.44964123299474,0.09643863061524552,70.0,9.512996282411798,-1.8089360594418582,0.0
1774469300.6399689,21.94801709529671,0.09626818541199322,70.0,9.575079812581814,-1.8052864911673185,0.0
1774469300.6899295,22.44610931577746,0.0957026124876438,70.0,9.649669132657754,-1.784731041794712,0.0
1774469300.7397923,22.944323675699625,0.09513861950644276,70.0,9.719393166988135,-1.7642378659758322,0.0
1774469300.7898307,23.4431293432301,0.09470326361790998,70.0,9.764171020465538,-1.7492397349419115,0.0
1774469300.8399637,23.94204885217786,0.09427086085584072,70.0,9.80441347861493,-1.7343587523658992,0.0
1774469300.8898978,24.441077335917534,0.09384181997171118,70.0,9.840314362696796,-1.7196112137041308,0.0
1774469300.940139,24.9402147325498,0.09368566531977059,70.0,9.871862288514054,-1.7165251294401789,0.0
1774469300.9900134,25.43945169282116,0.09353362868155124,70.0,9.89944346619319,-1.7136028984837555,0.0
1774469301.0399325,25.93851922491328,0.0936594282056592,70.0,9.93455101802833,-1.7225535749431276,0.0
1774469301.0900226,26.437677308112917,0.09378913135417778,70.0,9.966051039200822,-1.731659813572111,0.0
1774469301.1399825,26.9367804376341,0.09352081261027398,70.0,10.000156338242856,-1.7237300475811996,0.0
1774469301.1897812,27.92238022358478,0.09332722802059454,70.0,10.572920303901414,-1.7189888015536412,0.0
1774469301.23984,28.908444647095237,0.09313654992418251,70.0,11.127182046070807,-1.7143630852172347,0.0
1774469301.2899764,29.8949689153717,0.09294879341952793,70.0,11.66313191828374,-1.7098535026654555,0.0
1774469301.3398025,30.395928083697573,0.0921466862464826,70.0,11.622151268704005,-1.679054163492126,0.0
1774469301.3898122,30.896951006384786,0.0913474607159982,70.0,11.57862929366521,-1.6483688986941107,0.0
1774469301.4397912,31.397497679448623,0.09076337883358837,60.0,11.555651239912159,-1.6268750437016541,0.0
1774469301.4898758,31.898097711778618,0.09018418013270707,60.0,11.530546449986133,-1.6055752107221233,0.0
1774469301.5400076,32.8857727749377,0.09000822341960416,60.0,12.019277509698249,-1.6015093009234682,0.0
1774469301.5899942,33.873532886863615,0.08930587244170088,60.0,12.505642911090026,-1.5749067474278338,0.0
1774469301.639879,34.86171773070442,0.08860925949607366,60.0,12.975093013890149,-1.5485322340725396,0.0
1774469301.6899748,35.849648691972455,0.08793082376897415,60.0,13.456641305476715,-1.5229158847772521,0.0
1774469301.7400541,36.837992369695144,0.08725946901618965,60.0,13.921752583247192,-1.4975811295523025,0.0
1774469301.7899406,37.82721088554617,0.08638571710746706,60.0,14.350641192412915,-1.463564774016357,0.0
1774469301.8399644,38.8168312165383,0.08552014132294912,60.0,14.76352604736417,-1.4298735626249752,0.0
1774469301.8898304,39.806918627293776,0.08493152224668776,60.0,15.157595020453886,-1.4080036103137339,0.0
1774469301.9397414,40.79739420778283,0.08435272429695297,60.0,15.536203170424844,-1.386524536568388,0.0
1774469301.9897923,41.7882471690602,0.0835821889684418,60.0,15.899790389771663,-1.3568127259472622,0.0
1774469302.039872,42.77947359162679,0.0828219766467205,60.0,16.248502192170132,-1.3275117188233037,0.0
1774469302.0900173,43.77079324991415,0.08187550109188792,60.0,16.59430430784405,-1.2902097713313447,0.0
1774469302.1398056,44.762471026170324,0.08094038177015442,60.0,16.925841907064665,-1.2533597378859869,0.0
1774469302.18981,45.75449600805701,0.07981556933660691,60.0,17.243559862524528,-1.208358216817536,0.0
1774469302.2398794,46.74686420598175,0.0787035973354601,60.0,17.547606538505654,-1.1638676973689317,0.0
1774469302.2900262,47.739644680991894,0.07814250415438438,60.0,17.835004820156968,-1.1429032730447921,0.0
1774469302.3400161,48.732753070599514,0.07759621522229383,60.0,18.10934100027357,-1.122528372989788,0.0
1774469302.3899577,49.726588664484154,0.07725946800300813,60.0,18.353509483591438,-1.111074303554519,0.0
1774469302.439871,50.720736374310974,0.07693742852915458,60.0,18.58524477696303,-1.1002060196505148,0.0
1774469302.4899774,51.71512614462534,0.07696724593848805,60.0,18.807518372361315,-1.104348502968212,0.0
1774469302.5399542,52.70981074536209,0.07701098615067044,60.0,19.018047177146066,-1.1090456456421622,0.0
1774469302.5900195,53.21795819040574,0.07673364759773564,60.0,18.692680598789313,-1.0999683709054509,0.0
1774469302.6399605,53.72599831183368,0.07646830045344205,60.0,18.371586531131552,-1.0913686907641755,0.0
1774469302.6898797,54.23359189738132,0.07642230219755591,60.0,18.069258533216036,-1.0921187342543697,0.0
1774469302.739836,54.741065955314895,0.07638762938470395,60.0,17.771689681317103,-1.0933199251764194,0.0
1774469302.7899656,55.24841223662283,0.07582640485176785,60.0,17.479219036309047,-1.071962944159859,0.0
1774469302.8398962,55.75562993928867,0.07527510465751577,60.0,17.19186840866618,-1.0510011207545111,0.0
1774469302.8898408,56.26273634795861,0.07533919076907458,60.0,16.90888713412723,-1.0563364834875641,0.0
1774469302.9397988,56.7697069012983,0.07541373201758184,60.0,16.631316026617124,-1.062088360273356,0.0
1774469302.9899719,57.27639934965413,0.07536812171154839,60.0,16.36523189610869,-1.0626715490626413,0.0
1774469303.0399084,57.782950191873766,0.0753313609725403,60.0,16.10478731695166,-1.0636072500342175,0.0
1774469303.0899842,58.28941397195978,0.07550041675281684,60.0,15.847642796648675,-1.0733236447441947,0.0
1774469303.1398258,58.7957323382975,0.07567728892950223,60.0,15.5962897124954,-1.0833514522554524,0.0
1774469303.18976,58.81502215980695,0.07606650176677988,60.0,14.828775716089469,-1.1024430266836869,0.0
1774469303.239823,58.83377867468071,0.07646193126816912,60.0,14.082503722101187,-1.1217823377876648,0.0
1774469303.2899425,58.85234655706025,0.07726026734473282,60.0,13.342731894209667,-1.1583437149289417,0.0
1774469303.3403506,58.870384407048576,0.07806271883346949,60.0,12.624072064939243,-1.1950692170525479,0.0
1774469303.3898137,58.870384407048576,0.07806271883346949,60.0,12.624072064939243,-1.1950692170525479,0.0
1774469303.4397879,58.887893177930444,0.07880035832197003,60.0,11.92648995883616,-1.2290148594241652,0.0
1774469303.4898393,58.90487686381764,0.07953889405722742,60.0,11.249823231752412,-1.262996346845212,0.0
1774469303.5399592,58.92126578727912,0.07994175386302829,60.0,10.597063236352659,-1.2826185514272979,0.0
1774469303.590156,58.93713716685277,0.08034282703919579,60.0,9.96491863426907,-1.302169622130269,0.0
1774469303.6400206,58.95257009060691,0.08114394504417277,60.0,9.350020123512786,-1.3388425010735245,0.0
1774469303.689787,58.967495529180766,0.08194204879395006,60.0,8.75533663584758,-1.3753954333118446,0.0
1774469303.7398438,58.981784574288376,0.0827382448077116,70.0,8.186399859964908,-1.411879407154194,0.0
1774469303.7900753,58.99557786508287,0.08352901914915677,70.0,7.637211128989041,-1.4481475151518404,0.0
1774469303.839971,59.00914772744224,0.08410674848223114,70.0,7.096139908394039,-1.4753205274121073,0.0
1774469303.8899972,59.02223571731928,0.0846769162547002,70.0,6.57426392713643,-1.502192364519995,0.0
1774469303.9399164,59.034844150919014,0.084969802803613,70.0,6.071504868536968,-1.5172258154417748,0.0
1774469303.9899452,59.04698507378622,0.08525392416081344,70.0,5.587369158431298,-1.5319100717196235,0.0
1774469304.0400639,59.05853511623102,0.08573338731061562,70.0,5.127157392126958,-1.554977333984915,0.0
1774469304.0898244,59.069633233281834,0.08620397779695434,70.0,4.684948335995257,-1.577691165974396,0.0
1774469304.1398742,59.07981336379364,0.08647170716281456,70.0,4.280705544318031,-1.5917535876274822,0.0
1774469304.189788,59.08955853398777,0.08672982542979572,70.0,3.893789907071477,-1.6054331130919095,0.0
1774469304.2398412,59.09935866145182,0.08750834440558934,70.0,3.503270407935079,-1.6414042847215562,0.0
1774469304.290084,59.108743155119484,0.08827734727179222,70.0,3.1293081841453025,-1.676996464039863,0.0
1774469304.339992,59.11738461996597,0.08904186729113206,70.0,2.785936130738081,-1.7124274436862548,0.0
1774469304.3898523,59.12562851981635,0.08979525821294311,70.0,2.458401750114172,-1.7474151663722566,0.0
1774469304.4398348,59.13381278891609,0.09005998140966932,70.0,2.132276641839304,-1.7615321168242875,0.0
1774469304.489851,59.14161910606971,0.09031213789625457,70.0,1.8212079112092905,-1.7751484240987387,0.0
1774469304.5400357,59.14892925879179,0.09095792500879421,70.0,1.5302802324521956,-1.8056411020853964,0.0
1774469304.5901096,59.15588008334074,0.09159156077250913,70.0,1.2536671385087983,-1.8356497755041774,0.0
1774469304.6399412,59.16281989500034,0.09234125497384944,70.0,0.9764955958700925,-1.8706607778345743,0.0
1774469304.6899776,59.16941956645643,0.09307790889257356,70.0,0.7128742479581762,-1.9051523863509574,0.0
1774469304.7398489,59.17541428622348,0.09353651112666604,70.0,0.47415849597561294,-1.9277889261839656,0.0
1774469304.7898648,59.18108683512092,0.09398090651983121,70.0,0.2482772275030172,-1.9498595327148966,0.0
1774469304.8399713,59.18644665529053,0.09441104357398102,70.0,0.03485432528147777,-1.971362153030099,0.0
1774469304.8900237,59.19164356554962,0.09516093729192192,70.0,-0.17249190797286468,-2.006586294482205,0.0
1774469304.9397883,59.19654648054436,0.0958965768047103,70.0,-0.368126040495555,-2.0412426884168564,0.0
1774469304.9898767,59.20101929654764,0.09601427211108261,70.0,-0.5461988737876202,-2.049506605320456,0.0
1774469305.0397992,59.20521607582953,0.09611663468437102,70.0,-0.7132749420870971,-2.057159663400771,0.0
1774469305.0899532,59.20921790634643,0.0964721723308789,70.0,-0.8727963998303835,-2.0756871313480967,0.0
1774469305.1398158,59.212961828960346,0.09681353311572734,70.0,-1.0220432711414633,-2.0936498512032387,0.0
1774469305.1898396,59.21671868985853,0.09673245481656541,70.0,-1.1725766612077189,-2.0935818089470066,0.0
1774469305.239842,59.22023511526836,0.09663738491985678,70.0,-1.3135315442332962,-2.092956301696288,0.0
1774469305.2901351,59.2235192188988,0.09652913664830473,70.0,-1.4452311310746155,-2.091805727871187,0.0
1774469305.340029,59.226522305082774,0.0970151788449326,70.0,-1.5655685944959712,-2.116115594635783,0.0
1774469305.3898258,59.22930898446337,0.09748965414711672,70.0,-1.6772847271216347,-2.1399647395454706,0.0
1774469305.4398024,59.23188714528112,0.09795229343483146,70.0,-1.7806937619339358,-2.163342439616473,0.0
1774469305.4898317,59.234464039192574,0.09826478055816157,70.0,-1.8846391473474882,-2.18033216444433,0.0
1774469305.5399556,59.23637805781363,0.09864047729109233,70.0,-1.96079452131865,-2.200062223039641,0.0
1774469305.590025,59.23810610146008,0.09900394764415214,70.0,-2.029540773107389,-2.219305265858274,0.0
1774469305.6400588,59.240007663003496,0.10022389042005474,70.0,-2.1062340687988454,-2.27522467219664,0.0
1774469305.6899638,59.24131514485691,0.10029491439955292,70.0,-2.158013758472068,-2.2820292195901994,0.0
1774469305.740048,59.242459052847906,0.1003521465907492,70.0,-2.203276685844902,-2.2882843130842803,0.0
1774469305.7900627,59.24344686312991,0.10039612310651926,70.0,-2.242320676209911,-2.294011310241279,0.0
1774469305.8401146,59.24415718435308,0.10076611381675121,70.0,-2.269931108210634,-2.3137227047221702,0.0
1774469305.8898451,59.24472580211203,0.10112392558471828,70.0,-2.291895992219513,-2.3329489820546647,0.0
1774469305.940274,59.245100800777585,0.10194163010913161,70.0,-2.305973346031964,-2.371885617438112,0.0
1774469305.989971,59.245348180105395,0.10274711338611901,70.0,-2.3149662080633333,-2.410335565739674,0.0
1774469306.040024,59.24567075544916,0.10319966037987177,70.0,-2.3275308886795147,-2.4337253307515465,0.0
1774469306.0900874,59.24587923045349,0.10363842402676306,70.0,-2.3355496883634164,-2.456566083292094,0.0
1774469306.139885,59.2456361794963,0.10488588864987093,70.0,-2.3245694831232706,-2.514044085742824,0.0
1774469306.190064,59.245291064337145,0.10611946991832732,70.0,-2.3095227964266263,-2.5709692978892225,0.0
1774469306.2398338,59.24475479343019,0.10653311768272923,70.0,-2.286579640943734,-2.592863012727085,0.0
1774469306.2901483,59.24412891344178,0.10693007145572228,70.0,-2.2600661642762128,-2.614091745802318,0.0
1774469306.3398604,59.242754061848096,0.10753568190562462,70.0,-2.20175694627524,-2.644295642922124,0.0
1774469306.3897219,59.24130147591816,0.10812488225352943,70.0,-2.1403503005630227,-2.6738459217408677,0.0
1774469306.4398441,59.24058959231536,0.10880377298592461,70.0,-2.110839059032358,-2.7072821916849996,0.0
1774469306.4900067,59.23981329736066,0.10946586957187243,70.0,-2.07876137489718,-2.7400495646291523,0.0
1774469306.539926,59.238451215504924,0.11046588345781001,70.0,-2.0217984979598573,-2.7873235119732325,0.0
1774469306.5901341,59.23703423007807,0.11144854545416255,70.0,-1.9626478135120746,-2.8339064290903795,0.0
1774469306.6398249,59.236226119747435,0.1119860582402986,70.0,-1.9296898912564866,-2.8614995917595527,0.0
1774469306.6897945,59.23537370835531,0.11250460794922387,70.0,-1.8949667317362515,-2.888337411523836,0.0
1774469306.7398624,59.23435338352226,0.11321067013068542,70.0,-1.8531789167906472,-2.9232527904363725,0.0
1774469306.7900305,59.23329627055164,0.1138978823216317,70.0,-1.8099251359047945,-2.957417379971676,0.0
1774469306.8404405,59.232688598859184,0.11488579291971163,70.0,-1.7859952018740266,-3.0045021685770554,0.0
1774469306.8898888,59.23205151897352,0.1158544156774873,70.0,-1.7608934437936927,-3.0508188023039517,0.0
1774469306.9398463,59.23120496490089,0.11667203735678397,70.0,-1.7269089369180712,-3.0907346678791425,0.0
1774469306.9898334,59.23033413400273,0.11746902481466732,70.0,-1.6919569838801687,-3.129828692862828,0.0
1774469307.0398035,59.22937564058923,0.11831348525130557,70.0,-1.653317959421567,-3.1710155055514484,0.0
1774469307.089953,59.22839818263917,0.11913667661886249,70.0,-1.6139231089198411,-3.2113551942184446,0.0
1774469307.1397934,59.227302816766056,0.11960904587722362,70.0,-1.5695320344118964,-3.2367505961401877,0.0
1774469307.1897993,59.22619353845661,0.12005944832339513,70.0,-1.5245863802304225,-3.2612709742436183,0.0
1774469307.2399895,59.2247944796142,0.12022857321947922,70.0,-1.4672771578202874,-3.2738222101664625,0.0
1774469307.2903616,59.223386398082795,0.12037630506519484,70.0,-1.40960808670533,-3.2855211994329014,0.0
1774469307.340073,59.22223632991136,0.12035950687649322,70.0,-1.3629948623585697,-3.290242353422699,0.0
1774469307.3898003,59.22108259489361,0.12032279935617934,70.0,-1.3162352441811032,-3.2941703241088476,0.0
1774469307.4397922,59.21979740527974,0.12040634827615085,70.0,-1.2638565869798009,-3.303298510539269,0.0
1774469307.4898286,59.218512451677235,0.12047191829898947,70.0,-1.2114869937099124,-3.3117104549445924,0.0
1774469307.5398493,59.21748230145503,0.1200400618094765,70.0,-1.1700108839801888,-3.298893484778823,0.0
1774469307.5898452,59.21645631592306,0.11959154388952606,70.0,-1.1287004346769238,-3.2854126180524634,0.0
1774469307.6398928,59.215171557013015,0.11927171661879286,70.0,-1.0763032282261282,-3.2774816818618464,0.0
1774469307.6897833,59.21389357348456,0.11893810436952355,70.0,-1.0241756233600232,-3.269001484407761,0.0
1774469307.7400079,59.21327535210546,0.1179630870310764,70.0,-1.00024741654168,-3.2331193641251486,0.0
1774469307.7900763,59.21266713028069,0.11697638903555015,70.0,-0.9767174569806893,-3.196771635957423,0.0
1774469307.8399878,59.211933616827636,0.1169283224665938,70.0,-0.9477970154977865,-3.2006063098134985,0.0
1774469307.8900082,59.21121074430514,0.11687269490650302,70.0,-0.9193003408089948,-3.204139776105068,0.0
1774469307.9399693,59.21042703632098,0.11654185140602524,70.0,-0.8881682251037899,-3.1959209822637686,0.0
1774469307.9898384,59.20965491846901,0.11620399468500532,70.0,-0.8574976785844146,-3.1874227238911272,0.0
1774469308.0399485,59.20814310045249,0.11519996859765137,70.0,-0.7951471731421701,-3.1504443734261742,0.0
1774469308.0901988,59.20664381139094,0.11419027979163812,70.0,-0.733295430122212,-3.1132401706483557,0.0
1774469308.1398935,59.205635565051075,0.11350486355451064,70.0,-0.6924081779918846,-3.0899194817089555,0.0
1774469308.189913,59.20464314493477,0.1128172380043278,70.0,-0.6521512018186949,-3.0665106222834444,0.0
1774469308.239852,59.20400596177347,0.1122571199599963,70.0,-0.6270424423899013,-3.048559813051344,0.0
1774469308.290018,59.20338590168455,0.1116968073391359,70.0,-0.6026157341003143,-3.030601140072432,0.0
1774469308.3399637,59.20270861667101,0.11073450035080809,70.0,-0.5756905620588165,-2.99544366530086,0.0
1774469308.3899412,59.20204837836702,0.10977332763810532,70.0,-0.5494443857815267,-2.9603311531965883,0.0
1774469308.4399242,59.201948175649605,0.10907430621772088,70.0,-0.547105944486825,-2.936426030275523,0.0
1774469308.4900188,59.20186515004592,0.10837895374935266,70.0,-0.5454518615593872,-2.912666932399961,0.0
1774469308.5399761,59.20186685093848,0.1077540867509167,70.0,-0.5473745403816213,-2.8919101603820225,0.0
1774469308.590008,59.20188395210996,0.1071342705828647,70.0,-0.5499108137823665,-2.8713544909932476,0.0
1774469308.6397674,59.201520028595425,0.10699801973705814,70.0,-0.5361045940384545,-2.8714691234158662,0.0
1774469308.6898327,59.20116956504218,0.10686784894944593,70.0,-0.5228345548759457,-2.8718260071564456,0.0
1774469308.7402742,59.2011037831841,0.10687326371972705,70.0,-0.5217042010063501,-2.8779663945500658,0.0
1774469308.7900825,59.2011037831841,0.10687326371972705,70.0,-0.5217042010063501,-2.8779663945500658,0.0
1774469308.839822,59.2010509892132,0.1068840694565249,70.0,-0.5210913059323576,-2.884321619302237,0.0
1774469308.8897936,59.20134100168348,0.10655744547900123,70.0,-0.5351074854426151,-2.876227540293969,0.0
1774469308.939966,59.20164263856614,0.10623510260894815,70.0,-0.5495869039658822,-2.868303981441597,0.0
1774469308.9899802,59.20202548780482,0.10611777070054268,70.0,-0.5675100834753876,-2.869137911306788,0.0
1774469309.0398855,59.20194898082291,0.10614763932324703,70.0,-0.5657550943962507,-2.8762560599017815,0.0
1774469309.0898635,59.20188045228703,0.10618165412838584,70.0,-0.5643179729485144,-2.8835394568675503,0.0
1774469309.1399138,59.2015492140141,0.10615671752461021,70.0,-0.5516199275088207,-2.88829032229468,0.0
1774469309.1898553,59.201225148862264,0.10613491382489074,70.0,-0.5392075883697436,-2.8931660482900416,0.0
1774469309.2399335,59.20123533607621,0.10557176735435797,70.0,-0.5410730810703677,-2.8748752150645744,0.0
1774469309.2899246,59.20125286377448,0.10501098557448865,70.0,-0.5432310484043329,-2.8566784759135135,0.0
1774469309.3400698,59.201073046331466,0.10432210162765723,70.0,-0.5369265683761872,-2.832992827631169,0.0
1774469309.3897977,59.200899571756956,0.10363667202915172,70.0,-0.5308747593991593,-2.8094446499336017,0.0
1774469309.4397862,59.20160225653505,0.10267102557955249,60.0,-0.5622864570046616,-2.773896480297558,0.0
1774469309.48991,59.20231112075948,0.10171018833207482,60.0,-0.5939445749351842,-2.7385396790405188,0.0
1774469309.5399418,59.20256068016524,0.10116715475257912,60.0,-0.6059404635501078,-2.721038802439757,0.0
1774469309.5898676,59.2028133108406,0.10063109041274025,60.0,-0.618058802029322,-2.703815478868582,0.0
1774469309.63979,59.203338665056535,0.10016485005482678,60.0,-0.6418371140551679,-2.689557815755481,0.0
1774469309.6897845,59.20386586713866,0.0997061034995568,60.0,-0.665689214388069,-2.6755986273727395,0.0
1774469309.7398386,59.20424993665973,0.09871907758575765,60.0,-0.683415899820403,-2.6390173656588214,0.0
1774469309.7899508,59.20463384467236,0.0977397070362103,60.0,-0.7011362739383669,-2.6027408608310814,0.0
1774469309.840199,59.20475719132272,0.09731189779796898,60.0,-0.7077124968072774,-2.5900343921326385,0.0
1774469309.889869,59.20487903879008,0.09689366995231165,60.0,-0.7142290353724502,-2.5777095821713605,0.0
1774469309.9397879,59.20579953143833,0.09606718792557581,60.0,-0.754916308140794,-2.547891745689327,0.0
1774469309.9898167,59.2067182824254,0.09525010616432995,60.0,-0.7955344717819169,-2.5184482326920237,0.0
1774469310.0401669,59.20723483922215,0.09471919762552235,60.0,-0.8189566113464766,-2.501217523117528,0.0
1774469310.0901687,59.207746760126,0.09419888220257773,60.0,-0.8421942098824088,-2.4844087495322693,0.0
1774469310.1398168,59.20825458313583,0.09375649172176552,60.0,-0.8652721509044665,-2.4709021968975913,0.0
1774469310.189819,59.20875654162048,0.0933247857943375,60.0,-0.8881165971299103,-2.457821248810217,0.0
1774469310.239964,59.209582610857304,0.09256139634284954,60.0,-0.9248454106788104,-2.430519790748689,0.0
1774469310.2898307,59.21040178581207,0.09180845207818132,60.0,-0.9612997961667187,-2.4036343045874062,0.0
1774469310.3399153,59.21121304682361,0.09106640268934457,60.0,-0.9974391261799465,-2.3771827096549414,0.0
1774469310.3899622,59.21167787052959,0.09027424780520996,60.0,-1.0187842607784534,-2.3485542339331595,0.0
1774469310.4398482,59.21213291380234,0.08949375641018019,60.0,-1.0397398702691363,-2.3203902603436655,0.0
1774469310.4899955,59.21298512047712,0.08892015203354593,60.0,-1.0777156468185973,-2.30104113253173,0.0
1774469310.539878,59.213827101280025,0.08835904848584483,60.0,-1.1152842660850806,-2.2821899322997226,0.0
1774469310.589859,59.21404776576033,0.08755191929068129,60.0,-1.126306024894368,-2.2527769076498854,0.0
1774469310.639841,59.21425646016104,0.08675729117057368,60.0,-1.1368509467862482,-2.223861750539375,0.0
1774469310.6898036,59.214527778166804,0.08637808065083588,60.0,-1.1501093382944145,-2.2126799053037085,0.0
1774469310.7399719,59.21478767175139,0.08601219264313135,60.0,-1.162912648499141,-2.202028781436565,0.0
1774469310.7898774,59.215371515095484,0.08558613567055869,60.0,-1.1896076453777873,-2.188765436610407,0.0
1774469310.8398733,59.215944275689296,0.08517271342915862,60.0,-1.2158612667586532,-2.1760053959248986,0.0
1774469310.8898458,59.21657401836909,0.08483781177174982,60.0,-1.2445864474142905,-2.1665678856854242,0.0
1774469310.9397964,59.217191946112806,0.08451510561484779,60.0,-1.2728410946711701,-2.1576162060214212,0.0
1774469310.990022,59.21780115670106,0.08440609236531284,60.0,-1.300758976861267,-2.1577713665522396,0.0
1774469311.0400078,59.21839774485188,0.08430861197443941,60.0,-1.3281741473830064,-2.1583860228005722,0.0
1774469311.090033,59.21810202864411,0.08396813802382776,70.0,-1.3174550781410725,-2.1485735897553386,0.0
1774469311.1398237,59.21779294693388,0.08363784452997505,70.0,-1.3062034246638081,-2.139166700772973,0.0
1774469311.189872,59.21795556472111,0.08404937766761536,70.0,-1.315166637165213,-2.161465596548238,0.0
1774469311.2400177,59.21810719409461,0.0844707395563525,70.0,-1.3236921097956114,-2.184156245557418,0.0
1774469311.2898374,59.21817379936936,0.08449799495878071,70.0,-1.3286117605840462,-2.1899626166234603,0.0
1774469311.340097,59.21822998953208,0.08453224464406738,70.0,-1.3331164850691788,-2.196047695480565,0.0
1774469311.3898013,59.217878371193805,0.08491630410678272,70.0,-1.3202046863363557,-2.217078885908127,0.0
1774469311.439997,59.21751711673486,0.0853061587597476,70.0,-1.3069088747434485,-2.2383411147783328,0.0
1774469311.489892,59.21741522798429,0.08562868301775874,70.0,-1.3047337668938637,-2.2567094643845445,0.0
1774469311.5399985,59.21730579779651,0.0859547562086213,70.0,-1.302258177027511,-2.2752193381836503,0.0
1774469311.5900762,59.21691787935608,0.08615360099640548,70.0,-1.2878895414622138,-2.2882788069514977,0.0
1774469311.6398606,59.216523415697935,0.08635419868005559,70.0,-1.2732600311801257,-2.3014082051607447,0.0
1774469311.6898217,59.21598760730516,0.08649101211483341,70.0,-1.2526002126225682,-2.311805652434511,0.0
1774469311.7398827,59.215447064806696,0.08662839210257121,70.0,-1.2317516345167894,-2.3222257442234406,0.0
1774469311.7900207,59.21390071064797,0.08718719820098574,70.0,-1.1678853155401059,-2.350674016229389,0.0
1774469311.8397844,59.21235161238101,0.0877457681697016,70.0,-1.1039092246367292,-2.3791130766331103,0.0
1774469311.8899896,59.21096191603756,0.08797520987453633,70.0,-1.0467522093202803,-2.3934761961303144,0.0
1774469311.9398465,59.20957459676556,0.0882022749788246,70.0,-0.989689507281972,-2.4077447257753457,0.0
1774469311.98991,59.2078350640195,0.08902699498948405,70.0,-0.9175457469431024,-2.4475890794288935,0.0
1774469312.0397694,59.206101890386776,0.08984859174498602,70.0,-0.845654849720787,-2.487309270574204,0.0
1774469312.089859,59.2038298619073,0.09013686374019655,70.0,-0.7506856019726956,-2.504227408450599,0.0
1774469312.1398058,59.2015688258565,0.09041932609133939,70.0,-0.6561536613217921,-2.5209141941070516,0.0
1774469312.1898572,59.199655864670284,0.09055523037404167,70.0,-0.5764704209138423,-2.5313493766824386,0.0
1774469312.239863,59.19775980163932,0.09068470413425928,70.0,-0.4974598899810214,-2.5415284251492714,0.0
1774469312.2898867,59.19602199343486,0.09107448697636371,70.0,-0.42516310665312473,-2.562862478272678,0.0
1774469312.3399837,59.19430514906149,0.09145781639412051,70.0,-0.3537010691001528,-2.5839395598861503,0.0
1774469312.389816,59.192542393162384,0.0917681366258864,70.0,-0.28020823502084025,-2.6019137530831054,0.0
1774469312.4398534,59.19080362804336,0.09207113206089011,70.0,-0.20767073874575995,-2.619596234206803,0.0
1774469312.490063,59.18902654667906,0.09256954619450285,70.0,-0.13341885018466737,-2.6456611088577366,0.0
1774469312.5399194,59.18727622801899,0.09306014255880454,70.0,-0.0602327337291792,-2.671414686024034,0.0
1774469312.5899036,59.18567445740127,0.09273266142557768,70.0,0.006681530606196542,-2.6621958893009667,0.0
1774469312.6398458,59.18410198063269,0.09239621743695112,70.0,0.07242912594173866,-2.6526199293693655,0.0
1774469312.6898065,59.183025946558644,0.0917743465053976,70.0,0.11702814586554341,-2.6308571694649183,0.0
1774469312.7398298,59.182594671002384,0.09160558779348874,70.0,0.13413599418514463,-2.628499659440422,0.0
1774469312.7898421,59.18219440306464,0.09143086095777088,70.0,0.15000855024391216,-2.6259043499805736,0.0
1774469312.839906,59.18141798011834,0.09112308962168325,70.0,0.18206078289132788,-2.617633661276848,0.0
1774469312.8897862,59.180670271299434,0.09081019500924686,70.0,0.21296920372266062,-2.6091587929720284,0.0
1774469312.9399843,59.1804159376859,0.09014817422815183,70.0,0.222854473530139,-2.5857615770977134,0.0
1774469312.9898837,59.18018949475302,0.08948220065008705,70.0,0.2316285868366617,-2.562206711953951,0.0
1774469313.0398,59.18035762329049,0.08920352413464364,70.0,0.22360140035714737,-2.55522843748298,0.0
1774469313.089928,59.18055123995343,0.08892314029327736,70.0,0.21455865709147642,-2.5481820911123196,0.0
1774469313.1397843,59.18048671285442,0.08932660214611784,70.0,0.21662880110922808,-2.570394373739406,0.0
1774469313.1897922,59.1804441363108,0.08972914353343814,70.0,0.21782440218944774,-2.5925701354632347,0.0
1774469313.2398467,59.180148502158914,0.08986553813586196,70.0,0.22990673291379035,-2.6033654257763037,0.0
1774469313.2899635,59.1798724429341,0.08999942410627364,70.0,0.2412092396839112,-2.614060840683902,0.0
1774469313.3400407,59.1796152913589,0.09013052968957458,70.0,0.2517585028958382,-2.62464555218822,0.0
1774469313.3898988,59.1788404995933,0.09040255716951814,70.0,0.2845059630979557,-2.6412678475938933,0.0
1774469313.4398046,59.17822251040695,0.09093810341187591,70.0,0.3105972158731848,-2.669173074325114,0.0
1774469313.489831,59.17762232950737,0.09146997105975777,70.0,0.3359791277175504,-2.696931929450565,0.0
1774469313.5398746,59.17711191044842,0.09226523960879293,70.0,0.3575734693569991,-2.735972546530861,0.0
1774469313.5898902,59.1766192335117,0.09305518203485558,70.0,0.3784610752655396,-2.7748012274602933,0.0
1774469313.6398034,59.17662093507811,0.09416677654231512,70.0,0.3782509877025757,-2.8274095405575066,0.0
1774469313.6898386,59.176640023202815,0.09527075578037683,70.0,0.3773481809584487,-2.8797148062258113,0.0
1774469313.7398753,59.17653387676586,0.0959641987052653,70.0,0.3818509629310063,-2.914484836538192,0.0
1774469313.7899415,59.1764431039287,0.09664690729741893,70.0,0.3857412586904922,-2.9488274266315804,0.0
1774469313.8401277,59.17649567556809,0.09697941267833246,70.0,0.3835423966785356,-2.9682222998151566,0.0
1774469313.8898118,59.17656221809904,0.0972997651741096,70.0,0.3807868893028836,-2.9871331089482385,0.0
1774469313.93983,59.17718712118915,0.09800220290805572,70.0,0.3541832522692512,-3.0224253914802333,0.0
1774469313.9898338,59.17782429124537,0.09869245798267354,70.0,0.32709069023966175,-3.0572325329156813,0.0
1774469314.039909,59.178470815308735,0.0993025929061306,70.0,0.2996287082323593,-3.0886501133369073,0.0
1774469314.0898526,59.17912621088382,0.09989927976535243,70.0,0.2718130775264551,-3.1195321095897643,0.0
1774469314.1397696,59.17924361889564,0.1000878004313006,70.0,0.2670336628024911,-3.132993852649169,0.0
1774469314.1898406,59.17936677141943,0.10026200999572243,70.0,0.262025341576174,-3.1458855029370327,0.0
1774469314.2397609,59.17990117807932,0.10054973069365163,70.0,0.23943899218133433,-3.1636743519124084,0.0
1774469314.2899835,59.18044035603283,0.1008237751928332,70.0,0.21666238908006105,-3.180918433730061,0.0
1774469314.3398426,59.18044035603283,0.1008237751928332,70.0,0.21666238908006105,-3.180918433730061,0.0
1774469314.3898904,59.1810469127915,0.10088123498640916,70.0,0.19101382173453293,-3.188937061058253,0.0
1774469314.4398549,59.18165600824563,0.10092522333049697,70.0,0.16526393115339622,-3.1964190117792985,0.0
1774469314.4898458,59.18179319750301,0.10082987204947227,70.0,0.15970600693648446,-3.197978290579715,0.0
1774469314.5401328,59.181930664016775,0.10072197149736621,70.0,0.15413699804604292,-3.1990375899847185,0.0
1774469314.5900257,59.18248242468744,0.10120065979218276,70.0,0.13084468722889497,-3.2252259261480805,0.0
1774469314.639792,59.18303405537406,0.10166817297653799,70.0,0.107557395284895,-3.2509692015643976,0.0
1774469314.6897655,59.183283453645565,0.10192599081987841,70.0,0.09719636693045677,-3.2677758379408823,0.0
1774469314.7400618,59.183530958884255,0.10217192326339009,70.0,0.08691068989181952,-3.284109049704363,0.0
1774469314.789926,59.18360271413194,0.10322004250884914,70.0,0.08413706796270579,-3.334794522962696,0.0
1774469314.8401444,59.18367199745485,0.10425645225840026,70.0,0.08146191374739573,-3.3850138126365397,0.0
1774469314.889885,59.18373884490324,0.10527987258780909,70.0,0.07888379160295285,-3.4347159206051567,0.0
1774469314.9399881,59.18316752437009,0.10543601442921728,70.0,0.1035992732209207,-3.4473580604395875,0.0
1774469314.9897878,59.18259378147821,0.10557679482023254,70.0,0.1284114364807024,-3.4593882538022576,0.0
1774469315.0398204,59.182102399188,0.10617100979412408,70.0,0.14969650575105375,-3.4908602936480615,0.0
1774469315.0903635,59.18161073373323,0.106750713606502,70.0,0.1709930030337521,-3.5217543936450744,0.0
1774469315.1398854,59.181597411953526,0.10750083924675745,60.0,0.17182785634892853,-3.559983039076147,0.0
1774469315.189843,59.18158548422376,0.1082357658118229,60.0,0.17260717345615428,-3.597606383103103,0.0
1774469315.2398376,59.18152315246265,0.10881810654014577,60.0,0.17554672038841626,-3.6287488025521597,0.0
1774469315.2898254,59.181462113220974,0.1093840995435086,60.0,0.1784347907555815,-3.6592401072915983,0.0
1774469315.3400018,59.18241277545941,0.10998315285007675,60.0,0.13804645616466052,-3.691194708274478,0.0
1774469315.3898687,59.18336490440762,0.1105653911569791,60.0,0.0975994074341267,-3.722479582909913,0.0
1774469315.4398515,59.1837809655396,0.11127450846700891,60.0,0.08008440249982401,-3.759242684994771,0.0
1774469315.4898558,59.18419524194079,0.11196634528456852,60.0,0.0626403848045453,-3.7953175475249283,0.0
1774469315.540117,59.1843380413792,0.1126451798544992,60.0,0.056803036575763,-3.8308884195934847,0.0
1774469315.590073,59.18447791848349,0.1133059467963117,60.0,0.05108208030497538,-3.865739682765631,0.0
1774469315.639803,59.18433512877059,0.11334749848094111,60.0,0.057444750315357625,-3.8741553498661547,0.0
1774469315.6897922,59.184189284053666,0.1133703140857768,60.0,0.063929181890626,-3.8818245891170466,0.0
1774469315.7398207,59.18451528836779,0.11356877253391544,60.0,0.050220342719789965,-3.8970606432738037,0.0
1774469315.790027,59.18483911099429,0.11375001974466287,60.0,0.03659833253233706,-3.911611069395803,0.0
1774469315.840018,59.18494794013546,0.1133124697731292,60.0,0.03216600247832893,-3.8997389673515244,0.0
1774469315.8898406,59.18505378652997,0.1128584681547299,60.0,0.02785248099506989,-3.8872113149005183,0.0
1774469315.939962,59.18523097769523,0.1127919307324161,60.0,0.0204780609756218,-3.8913033782475264,0.0
1774469315.989836,59.185405201162865,0.11271174914783667,60.0,0.013221829744772826,-3.894851856979145,0.0
1774469316.039908,59.186002335378504,0.11388982437934676,60.0,-0.012135516546480898,-3.952266493485461,0.0
1774469316.0900292,59.18659632963484,0.11505563172085105,60.0,-0.03736793422488128,-4.009192745067142,0.0
1774469316.1397872,59.18636963441298,0.11568351824852999,60.0,-0.027503203455378517,-4.04314773725101,0.0
1774469316.1898239,59.186138172980264,0.11629617554847646,60.0,-0.01744850894163013,-4.076496197450833,0.0
1774469316.2399366,59.18588616140861,0.11595125784318608,60.0,-0.006526686076815407,-4.0689260683906,0.0
1774469316.2900434,59.18563066580136,0.11559020586093599,60.0,0.004534023186713906,-4.060713063198357,0.0
1774469316.3399827,59.18572045235626,0.11588117226913658,60.0,0.0008153223065264985,-4.080436975100397,0.0
1774469316.3897893,59.18580800659025,0.11615847932852409,60.0,-0.002814463668095707,-4.099616804676939,0.0
1774469316.439965,59.18596059388486,0.11642098196959574,70.0,-0.009232972343387002,-4.118203476333898,0.0
1774469316.4900382,59.18611093116031,0.11666990307343204,70.0,-0.01556187951043597,-4.136249158048118,0.0
1774469316.540028,59.186288217536216,0.1163648850271735,70.0,-0.023050661092402145,-4.130637281722914,0.0
1774469316.5902317,59.1864630318351,0.11604638578764973,70.0,-0.03044100125425646,-4.124488247261388,0.0
1774469316.6398513,59.18556863771208,0.11602197335642202,70.0,0.007901383294633302,-4.130956801157415,0.0
1774469316.689799,59.184671384879664,0.1159860690859121,70.0,0.046357928154147035,-4.136967539971225,0.0
1774469316.7399392,59.183916811910095,0.11620338801754235,70.0,0.07870736910571838,-4.153843681599268,0.0
1774469316.790017,59.18322514993083,0.11627322051893445,70.0,0.1083667697901171,-4.1644417631486075,0.0
1774469316.8398979,59.182535082080854,0.11633236366864876,70.0,0.13796286057066967,-4.174614030798556,0.0
1774469316.8897913,59.18176397425987,0.11591263277690762,70.0,0.1710338020086049,-4.1643310423633055,0.0
1774469316.940018,59.18099649589193,0.11548258963980954,70.0,0.20396036531741868,-4.1536371214069385,0.0
1774469316.9903908,59.17988337921073,0.11465147703039467,70.0,0.2516872722305519,-4.12581284737006,0.0
1774469317.0398848,59.17877592448817,0.1138119607596861,70.0,0.29918892226642774,-4.097653562461263,0.0
1774469317.090084,59.178573368395604,0.11360756358966669,70.0,0.3080006495228321,-4.096684417327447,0.0
1774469317.1397758,59.17837949947609,0.11339787325232423,70.0,0.3164663217363235,-4.095504374419818,0.0
1774469317.1900363,59.17766320815257,0.11340376790931456,70.0,0.3473061917142749,-4.103561533393519,0.0
1774469317.2399304,59.176955221279364,0.11340506788850768,70.0,0.37781540637221356,-4.1114356858827925,0.0
1774469317.2899904,59.17667397494264,0.1129757658837674,70.0,0.3900954603501009,-4.100902478205955,0.0
1774469317.3401647,59.17640244174965,0.11254174607896988,70.0,0.40198860623278065,-4.090181230966318,0.0
1774469317.3898427,59.174724135990786,0.1119265114027696,70.0,0.47409148272752677,-4.071719444299221,0.0
1774469317.44006,59.173055215337044,0.1113078696659637,70.0,0.5458209315991371,-4.053121786300483,0.0
1774469317.489938,59.17193263660063,0.11047549740410961,60.0,0.5942126599873687,-4.025387996112816,0.0
1774469317.540011,59.17082383630316,0.10964147084420192,60.0,0.6420557581609996,-3.9975881047446107,0.0
1774469317.5901232,59.1698808865462,0.10974652484554122,70.0,0.6828477637545453,-4.009963081834137,0.0
1774469317.6398852,59.16895378992452,0.10985228821138598,70.0,0.7230084266246787,-4.022366406483099,0.0
1774469317.6899884,59.16823564825388,0.10941648076094831,70.0,0.7542788273772256,-4.01160099518146,0.0
1774469317.7400062,59.16753463167844,0.10898031902683818,70.0,0.7848671424356268,-4.0008213945528786,0.0
1774469317.7900805,59.16698316693857,0.10840733127427524,70.0,0.8091088192601387,-3.984188096032021,0.0
1774469317.840452,59.166449233696525,0.10783482374454592,70.0,0.8326521701866363,-3.9675738164214893,0.0
1774469317.8897905,59.1655419925789,0.10801053453255934,70.0,0.8722169676085073,-3.9829647962344654,0.0
1774469317.939992,59.164652063306754,0.10818799357455815,70.0,0.9110922957590534,-3.9984255359027308,0.0
1774469317.9899943,59.16444454824813,0.10788380309457576,70.0,0.9208267831226131,-3.993278445789011,0.0
1774469318.039866,59.164255405750175,0.10757995832761968,70.0,0.9298293352462705,-3.988145094293119,0.0
1774469318.0900834,59.16387858517769,0.10707832203900668,70.0,0.9469127190881383,-3.9745486953964053,0.0
1774469318.1399438,59.16351875156936,0.10657735841623826,70.0,0.9633194232740051,-3.9609790036056105,0.0
1774469318.1899354,59.16327246812725,0.10633412358634706,70.0,0.9749175416933299,-3.958431386444604,0.0
1774469318.2400308,59.16304252574225,0.1060925305726139,70.0,0.9858646771136047,-3.9559491652708556,0.0
1774469318.2900264,59.16303029572282,0.10538155283708857,70.0,0.9875447466943469,-3.9333819347539425,0.0
1774469318.3400133,59.16303343343068,0.10467217371802133,70.0,0.9886125447182147,-3.9108782416011065,0.0
1774469318.389994,59.16311840340579,0.10396517252576527,70.0,0.986222305973264,-3.8884691356383425,0.0
1774469318.4399276,59.16321712112684,0.10326128096532561,70.0,0.983284311242878,-3.8661837702060096,0.0
1774469318.4899304,59.164001597532405,0.10242660473769725,70.0,0.9510474878920321,-3.8382921677502484,0.0
1774469318.5400667,59.16479814161372,0.10159635149440512,70.0,0.9183296412100296,-3.8105765949517036,0.0
1774469318.5901144,59.165470228723656,0.10083863260798623,70.0,0.8909655449835225,-3.7859484273521224,0.0
1774469318.6400232,59.16615057475447,0.1000869318329728,70.0,0.8632722078156289,-3.761559865087675,0.0
1774469318.6898403,59.16737596377805,0.09988017188723948,70.0,0.8122816293448221,-3.7604641161289623,0.0
1774469318.7398124,59.16860667029603,0.09968064547611745,70.0,0.7610788404209022,-3.7596565591429782,0.0
1774469318.790075,59.17010957602696,0.099016946000139,70.0,0.6982400148144485,-3.738971647928653,0.0
1774469318.8399236,59.17161339356762,0.09835969015050378,70.0,0.6353644292909373,-3.718543322548047,0.0
1774469318.8898375,59.173078742406176,0.09749072619973181,70.0,0.5741294845108369,-3.6890378580507064,0.0
1774469318.939987,59.17454018021588,0.09662900119122611,70.0,0.5130499430191706,-3.659820605906959,0.0
1774469318.9900644,59.17634018691254,0.0962403219777407,70.0,0.4374683173014422,-3.6508165504034915,0.0
1774469319.0400088,59.17813216831385,0.09586031653476136,70.0,0.3622059175284341,-3.642158014647287,0.0
1774469319.0900495,59.17977558655822,0.09528933977764842,70.0,0.29326770733458596,-3.6253046891370397,0.0
1774469319.1399124,59.18140620971314,0.09472670317476165,70.0,0.22483880748973833,-3.608783537491261,0.0
1774469319.1898406,59.18275417097086,0.09424455190650285,70.0,0.1684584083029727,-3.595680421122058,0.0
1774469319.2400057,59.1840855968735,0.09377106134887643,70.0,0.11273642586650993,-3.5829222760196346,0.0
1774469319.289984,59.18505817091564,0.09304298893485013,70.0,0.07231349310637986,-3.5592476410352685,0.0
1774469319.3403463,59.186011830903595,0.09232354630473148,70.0,0.03264385912333328,-3.5359166725402673,0.0
1774469319.3898466,59.18674662038552,0.09175123077149239,70.0,0.0022802464894905554,-3.5188530345151174,0.0
1774469319.4397676,59.18746159995747,0.0911883509965621,70.0,-0.02729430548643473,-3.502165220115749,0.0
1774469319.490063,59.18815674417813,0.09063501959236249,70.0,-0.056078777750317624,-3.485857718641874,0.0
1774469319.5399613,59.18923338920443,0.08994972243341623,70.0,-0.10124220481765712,-3.4638763252882288,0.0
1774469319.589796,59.19029028220011,0.08927412262016948,70.0,-0.1456189788905105,-3.442281143991201,0.0
1774469319.6397939,59.1915321848581,0.08880682369119972,70.0,-0.1979705122708481,-3.4295675419961964,0.0
1774469319.6899898,59.19275321998492,0.08834978529080274,70.0,-0.24949099809071934,-3.417262654104742,0.0
1774469319.740013,59.19374603718921,0.08763730837018464,70.0,-0.29131242381787753,-3.3940002484402236,0.0
1774469319.789999,59.19471641803674,0.0869348491209177,70.0,-0.3322402243151036,-3.3711368084923135,0.0
1774469319.8399353,59.19593199110752,0.08617074872429138,70.0,-0.3837244044672932,-3.345605855561794,0.0
1774469319.8899229,59.1971245755109,0.0854172617391643,70.0,-0.4342930205051571,-3.3204975883299928,0.0
1774469319.9399028,59.1971245755109,0.0854172617391643,70.0,-0.4342930205051571,-3.3204975883299928,0.0
1774469319.9900272,59.19862756384487,0.08453432837910911,70.0,-0.4982104479090572,-3.2898191961083594,0.0
1774469320.0399523,59.20010635575448,0.08366269959968126,70.0,-0.5611642769569307,-3.2595909918934134,0.0
1774469320.0900447,59.20122700798564,0.08301061682393919,70.0,-0.6088716297980243,-3.2387199360525116,0.0
1774469320.140007,59.202321394157664,0.08237087202191255,70.0,-0.6555328143005653,-3.218340308150834,0.0
1774469320.1899455,59.2040596413255,0.08159725358774665,70.0,-0.7298166333076038,-3.192196947107416,0.0
1774469320.2399888,59.205771105518664,0.0808361173548838,70.0,-0.8030338714525952,-3.16655072413383,0.0
1774469320.2899647,59.20712746467329,0.08063185995112775,70.0,-0.8611428596421609,-3.164689949533067,0.0
1774469320.340095,59.2084544889674,0.0804406771784167,70.0,-0.9180834833152334,-3.1633500834115615,0.0
1774469320.389794,59.21001370549402,0.07985350756378531,70.0,-0.9850453999544183,-3.1450335972405252,0.0
1774469320.4398344,59.21154259892762,0.07927802013197319,70.0,-1.0507996395744799,-3.1271824284366154,0.0
1774469320.4901032,59.212707463341665,0.07892195680304134,70.0,-1.1010727782871086,-3.11868363620298,0.0
1774469320.5400178,59.213840405363655,0.0785776383988104,70.0,-1.1500744058912447,-3.1106527285225822,0.0
1774469320.5898204,59.214608874625085,0.07931158913936359,70.0,-1.1835783661673926,-3.1487163787449406,0.0
1774469320.63979,59.215345256899425,0.08005668962999142,70.0,-1.2158041423666863,-3.187224520227073,0.0
1774469320.6898305,59.21557232862917,0.08062551497311464,70.0,-1.2263345645464245,-3.218165384264136,0.0
1774469320.7398462,59.215768411302804,0.08120134371351605,70.0,-1.2356303888099671,-3.2493854910924385,0.0
1774469320.7900674,59.21497462053398,0.08127746014756831,70.0,-1.2026666966918147,-3.2592123769873487,0.0
1774469320.839862,59.21387409950428,0.0810978066180629,70.0,-1.156664189489623,-3.2580862979374876,0.0
1774469320.889836,59.21274812544966,0.08092135785112634,70.0,-1.1096472634828278,-3.257087895753781,0.0
1774469320.9398627,59.21142638409701,0.08156200469358399,70.0,-1.0543203570059245,-3.291035633088635,0.0
1774469320.9900424,59.21008552725075,0.08220565667677784,70.0,-0.9982314684869612,-3.3251033347756924,0.0
1774469321.0397959,59.20883746578117,0.08210639242018053,70.0,-0.9461585783929626,-3.3273850385600636,0.0
1774469321.090004,59.20757663140374,0.08200716881738104,70.0,-0.8935764307745351,-3.329668377754164,0.0
1774469321.1397805,59.20638476699146,0.0822417919068743,70.0,-0.8439738773606361,-3.3462337559895308,0.0
1774469321.1898215,59.20518550171493,0.08247631319389365,70.0,-0.7940761170838346,-3.362795191955973,0.0
1774469321.2399304,59.20397178729865,0.08244110259053852,70.0,-0.743574734990451,-3.367819841647292,0.0
1774469321.289811,59.20275523714825,0.0824045319024892,70.0,-0.6929600244035883,-3.3727903371674497,0.0
1774469321.3398762,59.20035950818858,0.08139767354522062,70.0,-0.5919021113692331,-3.336256540456197,0.0
1774469321.3897848,59.19796493848399,0.0803891363195703,70.0,-0.4908896915832855,-3.2996556031728277,0.0
1774469321.439797,59.19558945575735,0.07978392297279761,70.0,-0.3906784360041904,-3.2803090074161303,0.0
1774469321.4900298,59.193222584420575,0.07918000392822441,70.0,-0.29080958846460625,-3.2610138465798744,0.0
1774469321.5398479,59.191751327800674,0.07881651861907744,70.0,-0.22921902046792209,-3.251998469806691,0.0
1774469321.5900397,59.190295308172104,0.07845565552059168,70.0,-0.168235103837722,-3.2430875056080724,0.0
1774469321.6397817,59.18775185798964,0.0773281973684914,70.0,-0.06068160730913001,-3.201373458112139,0.0
1774469321.6898186,59.18522641800555,0.07620366188247713,70.0,0.046155062979646146,-3.1597755694384126,0.0
1774469321.7398107,59.182796394457036,0.07528289001295492,70.0,0.1489726250008298,-3.126881528214423,0.0
1774469321.7899954,59.180390404717706,0.07436785744319337,70.0,0.25083333473228286,-3.0942159270839014,0.0
1774469321.8400893,59.178315250655864,0.07445884385216626,70.0,0.3386198588162142,-3.1045677221106858,0.0
1774469321.889784,59.176269134616255,0.07455748312108379,70.0,0.425250048850223,-3.1152244945226912,0.0
1774469321.940102,59.17471276702269,0.07431024826611872,70.0,0.49101984338808896,-3.111064929040953,0.0
1774469321.9899247,59.173188758520176,0.0740689813975677,70.0,0.5555008342095322,-3.1071431123335023,0.0
1774469322.0399272,59.17054045237372,0.07346992610748991,70.0,0.6681764520208435,-3.087898182688501,0.0
1774469322.090089,59.167925633928895,0.07287643388004443,70.0,0.779518621955191,-3.068874765198947,0.0
1774469322.139801,59.16601920634388,0.07226544211230293,70.0,0.8606622380549193,-3.0490850115764934,0.0
1774469322.1898282,59.164150968936404,0.07166082061593686,70.0,0.9402848330603489,-3.02954892728954,0.0
1774469322.2399783,59.16130371588456,0.07082919478101433,70.0,1.0619049138781151,-3.000281645449903,0.0
1774469322.2899263,59.1584962840567,0.07000467421212696,70.0,1.1819392671714966,-2.9712972516225222,0.0
1774469322.3399773,59.15653570484464,0.0690925484291325,70.0,1.2658703101609516,-2.9385419448445407,0.0
1774469322.3899126,59.15461961132718,0.06818890406301656,70.0,1.3480295243412395,-2.9061243309176126,0.0
1774469322.4401214,59.15249141498143,0.06764015377880414,70.0,1.4393956445009652,-2.888861583947061,0.0
1774469322.4900174,59.15040890258143,0.06710140993755587,70.0,1.5289422460197273,-2.8719973965117886,0.0
1774469322.5400815,59.14802027382619,0.06611375880010423,70.0,1.631721839048509,-2.8358993015909433,0.0
1774469322.5900552,59.14567893895343,0.06513622223587269,70.0,1.7326178484911985,-2.8002039450054976,0.0
1774469322.6397946,59.14337908385321,0.0639678619994354,70.0,1.8318826039048912,-2.756312866602452,0.0
1774469322.6898184,59.141128839930964,0.06281115118140351,70.0,1.9291714255913972,-2.7128856245338384,0.0
1774469322.7401953,59.139397562704204,0.06158342298027296,70.0,2.004408212888301,-2.6663827581849637,0.0
1774469322.7898953,59.137717733456185,0.060369300542458246,70.0,2.0775957193918195,-2.6204216551982094,0.0
1774469322.8403704,59.13569517801329,0.05945287859526853,70.0,2.1655963855208777,-2.5871528572845452,0.0
1774469322.8899121,59.13372380864905,0.05855202827874746,70.0,2.2515582931636318,-2.5545042379667677,0.0
1774469322.9398284,59.13206601069147,0.05745599232414565,70.0,2.324257926972136,-2.5134585331411143,0.0
1774469322.9898236,59.130460190134535,0.056376227199907064,70.0,2.394887169264213,-2.4730608111184704,0.0
1774469323.0397983,59.129940711547654,0.056017889179555844,70.0,2.4191955567835883,-2.4634755935671295,0.0
1774469323.0897977,59.12947284056752,0.05567711655211524,70.0,2.4414479538692024,-2.454590152992794,0.0
1774469323.1400185,59.127869022691435,0.054182702777373457,70.0,2.512441602796996,-2.396302476781512,0.0
1774469323.1899998,59.12631263173011,0.052704453141012936,70.0,2.5815461495766887,-2.3386584141381417,0.0
1774469323.2400732,59.126255814221444,0.05233759988167709,70.0,2.586639106275425,-2.3285078625298006,0.0
1774469323.2900891,59.12624648659083,0.05198955019480825,70.0,2.589839999702669,-2.3191064157361394,0.0
1774469323.3398654,59.12577142873885,0.0505328127710071,70.0,2.6130967382120667,-2.26222233454055,0.0
1774469323.3897989,59.125338775364625,0.049093383240525465,70.0,2.6346641513953775,-2.2060274461925893,0.0
1774469323.4398358,59.12523005454158,0.048066557051832624,70.0,2.6424939506338143,-2.167428883907982,0.0
1774469323.4901402,59.12516067512058,0.047059372437632696,70.0,2.64875635809464,-2.129612618881091,0.0
1774469323.5400538,59.125360936306336,0.0469393744441195,70.0,2.6435934143779187,-2.1296909756937867,0.0
1774469323.5898247,59.12559666252808,0.04683976078031979,70.0,2.637017432372498,-2.1305814883088026,0.0
1774469323.6398168,59.125584861705754,0.04643249603129065,70.0,2.641128109906248,-2.118254368562415,0.0
1774469323.690031,59.12560406545451,0.04604325210012291,70.0,2.6440035272874725,-2.106645152067757,0.0
1774469323.7398543,59.12576900287008,0.04591650922161099,70.0,2.640730784139296,-2.1062143141707597,0.0
1774469323.7902086,59.12596172869543,0.045806681263699627,70.0,2.63635086887853,-2.106457399904961,0.0
1774469323.8398485,59.12665498774799,0.04590642346865719,70.0,2.61063476949577,-2.11561898627783,0.0
1774469323.8899174,59.12737266766199,0.04602120304266787,70.0,2.5839455142079006,-2.125379756484989,0.0
1774469323.9400096,59.128655295318445,0.046409518742924045,70.0,2.5331524182326413,-2.1468018250999514,0.0
1774469323.9899907,59.12995768316959,0.04681049524280504,70.0,2.481571685077161,-2.16872847413447,0.0
1774469324.0399477,59.131128071965875,0.046417563319701094,70.0,2.435686403473879,-2.156659466274506,0.0
1774469324.0900745,59.13231214103808,0.04603416024156411,70.0,2.3892557553506277,-2.144970025088136,0.0
1774469324.1398711,59.13385311856076,0.04619256623169833,70.0,2.3275889863180628,-2.156431218197922,0.0
1774469324.1900337,59.134916582646945,0.045493957202961566,70.0,2.2863752886752784,-2.1312019885570943,0.0
1774469324.24006,59.135985822293605,0.04480367492359006,70.0,2.2449311973502395,-2.1063043411625486,0.0
1774469324.2900712,59.137608892076614,0.04478561407675484,70.0,2.1798054141284773,-2.1101380782773504,0.0
1774469324.340249,59.13923404118694,0.044776889698435456,70.0,2.114596338852933,-2.1143438265784447,0.0
1774469324.3898528,59.14085863289541,0.04477681274312931,70.0,2.04940902387795,-2.1188941355748048,0.0
1774469324.4398084,59.142608867617426,0.04444597231780341,70.0,1.9788373411792093,-2.109271044719427,0.0
1774469324.4898849,59.14435372837639,0.044122443572627984,70.0,1.9084792840495584,-2.09993920074823,0.0
1774469324.5400295,59.14569416769862,0.044216899315042316,70.0,1.8553989084965783,-2.1084672365016566,0.0
1774469324.5898094,59.14702451093379,0.04431859594670741,70.0,1.80272041813637,-2.1172838233194144,0.0
1774469324.6397808,59.14846258477394,0.04354979922284276,70.0,1.7453989133610854,-2.0888419148659576,0.0
1774469324.689817,59.14988774305165,0.04278668991904804,70.0,1.688591598580283,-2.060626410077687,0.0
1774469324.73983,59.15130673992593,0.042500995545753935,70.0,1.6320052282705777,-2.052815433695788,0.0
1774469324.7899487,59.15270999399634,0.04222252116299558,70.0,1.5760456963448857,-2.0452920635313694,0.0
1774469324.8401196,59.15388617122617,0.041483715267417925,70.0,1.5297500804311155,-2.018054908958905,0.0
1774469324.889797,59.155044134206705,0.040751845240073914,70.0,1.4841798412347786,-1.9910939071677713,0.0
1774469324.9398346,59.156527768741306,0.04049264785246433,70.0,1.4246214815995388,-1.9843312501666763,0.0
1774469324.9900618,59.15799182710464,0.04024168552437229,70.0,1.3658426694907595,-1.9778966490995116,0.0
1774469325.0399168,59.15956970177833,0.03999639369003069,70.0,1.3021334855657285,-1.9716810287449038,0.0
1774469325.0897965,59.161125777509184,0.03975890486589369,70.0,1.2392923806346718,-1.9657762543125807,0.0
1774469325.139783,59.16265298386254,0.03919260847504602,70.0,1.1776183111189416,-1.9457828352944992,0.0
1774469325.189835,59.16415609651816,0.038633657870505426,70.0,1.1169037625119025,-1.9260819508115663,0.0
1774469325.2398372,59.16494606434371,0.03721950717637373,70.0,1.0866232748669518,-1.8697730897872853,0.0
1774469325.2898667,59.16570998993319,0.03581327837014761,70.0,1.0573801576371504,-1.8137794670452103,0.0
1774469325.339838,59.1665956896887,0.035154416375201704,70.0,1.0228518651204332,-1.7897293084259283,0.0
1774469325.3898234,59.16745606010322,0.034506871676699795,70.0,0.9893325105857274,-1.766129889937264,0.0
1774469325.4398086,59.168558004777694,0.03373166086661856,70.0,0.9454044244831414,-1.7370347361358487,0.0
1774469325.4897478,59.1696349448891,0.03296826724519774,70.0,0.9024722719697846,-1.7084102045963123,0.0
1774469325.5398996,59.17122134659132,0.03200589614717288,70.0,0.8376710030246941,-1.6712372650915857,0.0
1774469325.5897896,59.17122134659132,0.03200589614717288,70.0,0.8376710030246941,-1.6712372650915857,0.0
1774469325.6398218,59.172782352940544,0.03105615647123816,70.0,0.773881094241856,-1.6345673331801525,0.0
1774469325.6898503,59.17472883051618,0.03058366452497715,70.0,0.6935227515885736,-1.6182745109060264,0.0
1774469325.7398486,59.17664798800647,0.03012519900277389,70.0,0.6142523477208985,-1.602540419465371,0.0
1774469325.7898564,59.177798226408115,0.029693494860961657,70.0,0.567790836626697,-1.58791039888333,0.0
1774469325.839911,59.178918156985986,0.029275441185017834,70.0,0.5225365349666463,-1.5738241415751377,0.0
1774469325.889789,59.18040672142981,0.028594647221741896,70.0,0.46142271145372504,-1.5484583876023945,0.0
1774469325.9398267,59.18186498845603,0.027927016968571347,70.0,0.4015155821559848,-1.523616929793156,0.0
1774469325.990107,59.18290276622204,-1.4319627756914977,60.0,0.3595056835552474,-3.1256379002624204,0.0
1774469326.0400193,59.183909077487414,-2.8929943768717243,60.0,0.3187491891201839,-4.682177779656864,0.0
1774469326.0899086,59.18465644679957,-4.356640162381868,70.0,0.288978036983361,-6.130235891621789,0.0
1774469326.1399267,59.18537276353482,-5.8214178830775785,70.0,0.2604438814470074,-7.533205230027532,0.0
1774469326.1898685,59.18608216394389,-6.799288997088562,70.0,0.23211609426368635,-8.418536927147617,0.0
1774469326.2400947,59.186761821947925,-7.777886312265032,70.0,0.2049731135440956,-9.274941297114543,0.0
1774469326.2902,59.18761772852367,-8.27032033002532,70.0,0.17020455241503193,-9.580718986577468,0.0
1774469326.3399131,59.188445179925125,-8.763078981363078,70.0,0.13656946749854937,-9.873564680183385,0.0
1774469326.3900852,59.189388435829855,-9.25561938338152,70.0,0.09789737079857772,-10.176682136863471,0.0
1774469326.4398108,59.19030388754674,-9.748470283332523,70.0,0.06033278681459056,-10.467430773724837,0.0
1774469326.4900205,59.19072304241305,-9.754799308034446,70.0,0.043918063401599566,-10.221672209985025,0.0
1774469326.540163,59.191114615668646,-9.761040995101904,70.0,0.028602137593736903,-9.979391676690916,0.0
1774469326.5900376,59.19113025433562,-9.767925114380688,70.0,0.029290300241553564,-9.709356799357792,0.0
1774469326.6398633,59.19112019060836,-9.77471349014141,70.0,0.031002505935668626,-9.443134694138225,0.0
1774469326.6899698,59.19135505910103,-9.781405933591213,70.0,0.022165533995767057,-9.180719109739703,0.0
1774469326.7400837,59.19156723525035,-9.787993291838024,70.0,0.014232612833959445,-8.922488542469226,0.0
1774469326.7899694,59.191824972066414,-9.794472688582793,70.0,0.0042867612949533335,-8.668554169120142,0.0
1774469326.839804,59.192061948368334,-9.800839295277436,70.0,-0.004832015284587904,-8.419111848715925,0.0
1774469326.8898213,59.19167229072549,-9.807146545711793,70.0,0.012797805108250924,-8.171866102764325,0.0
1774469326.9399526,59.19126343345908,-9.813334821976643,70.0,0.03119270060099213,-7.929358844221061,0.0
1774469326.9899783,59.19077811096315,-9.81892933171081,70.0,0.052807753221221325,-7.711893788863344,0.0
1774469327.0397828,59.19027709562741,-9.824399837490756,70.0,0.07504819054743653,-7.499367822786077,0.0
1774469327.0900097,59.18962170045766,-9.830079171387492,70.0,0.1038521354984929,-7.277538930705626,0.0
1774469327.1399865,59.18895401016071,-9.835632360451907,70.0,0.13314614238740585,-7.0607343950993116,0.0
1774469327.1898587,59.18807283640582,-9.841121898891874,70.0,0.17154236221456992,-6.846277055632868,0.0
1774469327.2400455,59.1871829108731,-9.846483041327962,70.0,0.21028753523640376,-6.636933814746084,0.0
1774469327.2901452,59.186545948065586,-9.852257875922632,70.0,0.2381914311985797,-6.40951182466032,0.0
1774469327.3398395,59.185904138726954,-9.857902921147664,70.0,0.2662886149301532,-6.1872593587984115,0.0
1774469327.3899324,59.18626803772133,-9.86343452522916,70.0,0.25135179865050833,-5.969473356694562,0.0
1774469327.4398394,59.18662983766496,-9.86883408015359,70.0,0.23649851047007814,-5.756946979744133,0.0
1774469327.4900079,59.18685334922424,-9.874165752781254,70.0,0.22755355806598984,-5.546932977334512,0.0
1774469327.5402205,59.187073866774334,-9.879364101979942,70.0,0.21872783196378295,-5.3422294231639205,0.0
1774469327.589792,59.18695129640493,-9.884624705067088,70.0,0.22456995861140985,-5.134468459903367,0.0
1774469327.6398687,59.18682536832747,-9.889751452071815,70.0,0.2305459036413888,-4.932039182404621,0.0
1774469327.6898298,59.18763254715947,-9.89509691075156,70.0,0.1965951834385422,-4.71985806861052,0.0
1774469327.7398365,59.18859298137839,-9.899099539794161,70.0,0.15608082757199337,-4.564727349047613,0.0
1774469327.789962,59.18954981817045,-9.902967478483383,70.0,0.11570952267582615,-4.414961915787149,0.0
1774469327.839797,59.190572503453694,-9.906501871704332,70.0,0.07250640482717141,-4.279074093308066,0.0
1774469327.889821,59.19158896867642,-9.90990527636295,70.0,0.02955081081601263,-4.148404202001708,0.0
1774469327.939821,59.19191218957654,-9.913908364491961,60.0,0.01622962127146058,-3.991701183507205,0.0
1774469327.989948,59.19222658950377,-9.91778528044258,60.0,0.0032597866664293047,-3.8400240582208496,0.0
1774469328.0398319,59.19305631020054,-9.922354031395367,60.0,-0.03178135221095425,-3.6583824087138246,0.0
1774469328.0898154,59.19387726885642,-9.926799324178358,60.0,-0.06647363327239811,-3.4816583492626156,0.0
1774469328.1398225,59.19349872278474,-9.929889119601436,60.0,-0.04987986959178976,-3.362558633595585,0.0
1774469328.1898382,59.19310966570812,-9.93285578513668,60.0,-0.032867211062300214,-3.2483638579935135,0.0
1774469328.2397993,59.193990836974024,-9.935656886181867,60.0,-0.07022168729940055,-3.14089683586954,0.0
1774469328.2900438,59.19486406914669,-9.938339959773598,60.0,-0.10726010959998544,-3.0381315417989776,0.0
1774469328.3397934,59.195652878591964,-9.941377475544563,60.0,-0.14071341385193087,-2.9198637669895686,0.0
1774469328.3898215,59.196431843975034,-9.944302408676835,60.0,-0.1737747393432516,-2.8060807130091105,0.0
1774469328.4398208,59.19706568363239,-9.947114363558796,60.0,-0.20065888964264245,-2.696805072358421,0.0
1774469328.4899712,59.19768827835199,-9.949817701950511,60.0,-0.22709520219630008,-2.591856194453122,0.0
1774469328.53983,59.19830041527641,-9.952347214898284,60.0,-0.2531184852176589,-2.494029814654572,0.0
1774469328.5898235,59.1989005726593,-9.954772293380218,60.0,-0.2786646563975861,-2.4003636554305006,0.0
1774469328.639793,59.198266834601206,-9.470996271616837,60.0,-0.2514613746537424,-1.7552711852655778,0.0
1774469328.6899629,59.19762040850135,-8.986735292826845,60.0,-0.22375238740696757,-1.12949600982342,0.0
1774469328.7399855,59.197376153868376,-8.50146133768765,60.0,-0.21328002884401276,-0.5456361135349306,0.0
1774469328.7898085,59.197122740858994,-8.015709279545515,60.0,-0.20244270907880849,0.019179146510122203,0.0
1774469328.840293,59.196861104696644,-7.529484259427891,60.0,-0.19127768690592764,0.5651544690573156,0.0
1774469328.8900154,59.196585094289894,-7.043195534716748,60.0,-0.179519188367444,1.109781262924398,0.0
1774469328.94006,59.19630261110753,-6.5564454510898225,60.0,-0.16750271987024895,1.636030271361415,0.0
1774469328.9899642,59.195818517141134,-6.0688997735615455,60.0,-0.14687788885923297,2.1295861746268017,0.0
1774469329.0400696,59.19532955136524,-5.580904457277616,60.0,-0.1260588129178869,2.60523089799698,0.0
1774469329.0900264,59.19483444417116,-5.0926010426780355,60.0,-0.10498800709591109,3.068998875251592,0.0
1774469329.1399364,59.19433656818732,-4.603862252318044,60.0,-0.0838067420827837,3.5154237362779632,0.0
1774469329.1898365,59.19328691637684,-4.115358794069521,60.0,-0.039025772402273916,3.973176613973926,0.0
1774469329.239983,59.19223633763588,-3.626434884321605,60.0,0.005792435672878966,4.414180948594227,0.0
1774469329.2899942,59.19220638116777,-3.1365092943768635,60.0,0.006951506702276459,4.8135522051824156,0.0
1774469329.3398001,59.19217906563609,-2.6461768012144624,60.0,0.008005365138856725,5.1967143103002735,0.0
1774469329.3899038,59.191813186678274,-2.64239211143864,60.0,0.02355032852653041,5.044756766779215,0.0
1774469329.4399357,59.19144970030529,-2.6386021391569363,60.0,0.03900007296505398,4.892587713468059,0.0
1774469329.4900236,59.191570595968706,-2.6342157646248614,60.0,0.03373656832893622,4.714901049741728,0.0
1774469329.5399559,59.191694825908264,-2.6298360525883155,60.0,0.028340182860998462,4.537478613934736,0.0
1774469329.5898213,59.19201678654041,-2.625876683810601,60.0,0.014493521320481716,4.377998532554896,0.0
1774469329.6398377,59.192341325684644,-2.62193659118627,60.0,0.0005440312642214194,4.219285359204301,0.0
1774469329.6898172,59.19246944288437,-2.6178154574379615,60.0,-0.004997109345029768,4.052754756450022,0.0
1774469329.7399876,59.19259878567768,-2.6137233474434853,60.0,-0.01058711827267892,3.8873793785460946,0.0
1774469329.790133,59.192583940156545,-2.610268182728898,60.0,-0.010006063219282622,3.7491520007179693,0.0
1774469329.8398027,59.19256975014726,-2.6068512874935745,60.0,-0.009451121169112515,3.612448411555828,0.0
1774469329.8897865,59.19282766778679,-2.603345923249975,60.0,-0.0205349915615909,3.4718376055588482,0.0
1774469329.9399626,59.19308623691996,-2.599884822630508,60.0,-0.03164489496460459,3.3329893914043276,0.0
1774469329.9899523,59.193608238615234,-2.1101286345647785,60.0,-0.05402390798993144,3.741106570955143,0.0
1774469330.0401804,59.19413001213704,-1.620037094669738,60.0,-0.0763939837693531,4.13586541933376,0.0
1774469330.0899167,59.19566577386139,-1.129295080568461,70.0,-0.14214554303914967,4.503774235678072,0.0
1774469330.1398344,59.19719975571994,-0.6382253081830859,70.0,-0.20782664015527677,4.858626987817807,0.0
1774469330.18981,59.19766009094295,-0.14641008345753814,70.0,-0.22759024567986125,5.182540715242416,0.0
1774469330.2401445,59.19811380865049,0.3457231654015526,70.0,-0.24709033095764707,5.4937859057193155,0.0
1774469330.2898567,59.19869743683719,0.3516174234562619,70.0,-0.27216864410714603,5.256445499963205,0.0
1774469330.3397944,59.19927373298921,0.3574325996326554,70.0,-0.2969550055320932,5.022254255489675,0.0
1774469330.3898487,59.20003812027964,0.36282418378070114,70.0,-0.32981116558214296,4.805936771981601,0.0
1774469330.4398472,59.200794149624514,0.3681278628007071,70.0,-0.362334552834763,4.593120131244024,0.0
1774469330.4898412,59.20161771049882,0.37387743522776495,70.0,-0.397774004221971,4.360959000125128,0.0
1774469330.5400507,59.2024314089826,0.3795329507851639,70.0,-0.4328207602475088,4.13254370151567,0.0
1774469330.5898576,59.202894525428896,0.38489492146851434,70.0,-0.45290126190128366,3.9163979650587635,0.0
1774469330.6397874,59.20334621113151,0.39015612303989955,70.0,-0.47252647618453636,3.7042656011659605,0.0
1774469330.689808,59.20379222435829,0.3956504411450608,70.0,-0.49194307090035067,3.481855711836195,0.0
1774469330.740099,59.2042266044157,0.40103929842684727,70.0,-0.5108963086151621,3.2636460798660223,0.0
1774469330.7901456,59.20478266017873,0.40625058319923707,70.0,-0.5350893299289746,3.0527143590500794,0.0
1774469330.8399067,59.20532696600251,0.41135173991541407,70.0,-0.558814374678834,2.8461689269439905,0.0
1774469330.8900976,59.20582106326774,0.4166000808158078,70.0,-0.5804269357979593,2.6329968636199985,0.0
1774469330.9400346,59.2063029315809,0.4217350528939776,70.0,-0.6015524177387038,2.4243401926663153,0.0
1774469330.9899244,59.20690224560307,0.4266157932728353,70.0,-0.6277386380320396,2.2262201229707155,0.0
1774469331.0400686,59.207489116721504,0.43138008575783615,70.0,-0.6534292862620901,2.0327382257996423,0.0
1774469331.0899003,59.20814459338433,0.4364281677117273,70.0,-0.6820924455292766,1.826769812160458,0.0
1774469331.1398013,59.20878708956052,0.4413582573555428,70.0,-0.7102386312897564,1.6255010499957199,0.0
1774469331.1900523,59.209065914580684,0.44577748076214546,60.0,-0.722866426072227,1.4457357228395116,0.0
1774469331.239932,59.209331053819476,0.4500766753965165,60.0,-0.7349490367867936,1.270751364094576,0.0
1774469331.2898335,59.209331053819476,0.4500766753965165,60.0,-0.7349490367867936,1.270751364094576,0.0
1774469331.3400085,59.20952260845465,0.4544599450658482,60.0,-0.7439231072610012,1.0918165222771452,0.0
1774469331.3900533,59.209701084693556,0.4587234075208506,60.0,-0.7523761680981015,0.9176538272334035,0.0
1774469331.4398024,59.20909882388581,0.4627531695274272,60.0,-0.7274667658346313,0.753135716831255,0.0
1774469331.4897342,59.208484226164174,0.4666633511220253,60.0,-0.702065663505056,0.5933808159095124,0.0
1774469331.539989,59.2083627391664,0.4707123363562125,60.0,-0.6977908527193544,0.42733723201407636,0.0
1774469331.5898426,59.20823224181899,0.47464306105471454,60.0,-0.6931570209916449,0.26600426043134373,0.0
1774469331.6399348,59.20720509415886,0.47808299649444574,60.0,-0.6501891344199614,0.12531989922290682,0.0
1774469331.68979,59.20617019576047,0.48140566319287026,60.0,-0.60691214681743,-0.010693190743393532,0.0
1774469331.739838,59.20633331300186,0.4853862769454287,60.0,-0.6149022402276085,-0.17519452191193247,0.0
1774469331.7898204,59.20649290800881,0.4892525181590916,60.0,-0.6227520551559417,-0.3351401362794687,0.0
1774469331.8398166,59.205934748957475,0.49275235326453726,60.0,-0.5999072415818656,-0.4797472756679805,0.0
1774469331.890076,59.20537279844779,0.4961384919676221,60.0,-0.5769112113325974,-0.6198255003702853,0.0
1774469331.9398363,59.205139706961646,0.49926569434912504,60.0,-0.5679914285287899,-0.749158514766808,0.0
1774469331.9900265,59.2049050037843,0.5022813027274852,60.0,-0.5590073712523245,-0.8740462736708041,0.0
1774469332.040052,59.203701808848784,0.5044799239770189,60.0,-0.5085948680632766,-0.9643078939834271,0.0
1774469332.0897934,59.2017721100699,0.5069992300492551,60.0,-0.4271048808794254,-1.0686080954232218,0.0
1774469332.1399868,59.199843480764564,0.5094127445616685,60.0,-0.3456569442302553,-1.1686940512182673,0.0
1774469332.1904204,59.19866344312983,0.5118312325847831,70.0,-0.29622080149344826,-1.2692980670264042,0.0
1774469332.2398534,59.197490542086165,0.5141481798031371,70.0,-0.2470686563290278,-1.3658571709757192,0.0
1774469332.2901015,59.19541062065076,0.517138198370449,70.0,-0.15908871016633985,-1.4915031838541104,0.0
1774469332.3398335,59.19334063974548,0.5200307858063109,70.0,-0.07150421182714332,-1.613268195001086,0.0
1774469332.3898597,59.19072194696246,0.5221730295623892,70.0,0.03959213836098443,-1.7032184229640552,0.0
1774469332.439832,59.1881186064204,0.5242194614548226,70.0,0.1500775853352746,-1.7893519191692706,0.0
1774469332.4900956,59.18589140150238,0.5267656560360973,70.0,0.24452789976954464,-1.897141088578713,0.0
1774469332.5397635,59.18368616973998,0.529220276511228,70.0,0.3381034052931167,-2.001282490043615,0.0
1774469332.5898383,59.180252534626774,0.5304162528940941,70.0,0.48430186647185725,-2.0518457888678276,0.0
1774469332.6400177,59.17684532837212,0.5315228948609151,70.0,0.6294483493573448,-2.09885016082811,0.0
1774469332.6898599,59.17467470947234,0.5331391300893475,70.0,0.7217846683604808,-2.1679080905039725,0.0
1774469332.7399895,59.17253859577085,0.5346724855141289,70.0,0.8127468605713819,-2.2336643858687273,0.0
1774469332.790121,59.17010802896102,0.536467365220016,70.0,0.9164122771620902,-2.3108462761340602,0.0
1774469332.8398535,59.16771492730022,0.5381836704499023,70.0,1.018585713991632,-2.3848981213296043,0.0
1774469332.8898294,59.164892516137854,0.539965751521927,70.0,1.1392410517872602,-2.4619905572089396,0.0
1774469332.9399657,59.16211102875411,0.5416724428631923,70.0,1.2582667272933428,-2.536079834461518,0.0
1774469332.9898207,59.16004320448082,0.54315883048963,70.0,1.3468898405458571,-2.6009624680239374,0.0
1774469333.0400574,59.15802075689506,0.5445726276964291,70.0,1.4337056581412553,-2.662953389655186,0.0
1774469333.0898218,59.15672667343674,0.5464420273684164,70.0,1.4894984739028065,-2.7446435469854715,0.0
1774469333.1399753,59.15547950931147,0.5482423001048196,70.0,1.5434223062723726,-2.8235801004062395,0.0
1774469333.1899767,59.154081560141414,0.5502469366535052,70.0,1.6039332326894173,-2.9114604027308877,0.0
1774469333.2400103,59.15272934562676,0.5521842281723455,70.0,1.6626224082029897,-2.9966581385858113,0.0
1774469333.2900069,59.1509715830516,0.5543621815028128,70.0,1.7387946647655816,-3.092348256865298,0.0
1774469333.3398669,59.14925883421684,0.556473907477179,70.0,1.813174000762593,-3.1854003928145,0.0
1774469333.3899384,59.147726014206704,0.5582503859846031,70.0,1.8799897552314504,-3.2643055054447694,0.0
1774469333.4399664,59.14623880295941,0.559960983652118,70.0,1.9449888179194519,-3.340586326430808,0.0
1774469333.490029,59.14490581958299,0.5612352525735502,70.0,2.003524299665961,-3.3983929133645336,0.0
1774469333.53997,59.14361826746507,0.5624451969171825,70.0,2.060250104924648,-3.453637068582885,0.0
1774469333.5897846,59.142503289340006,0.5631862828252681,70.0,2.1097259989399353,-3.489008531910489,0.0
1774469333.640009,59.14143296578222,0.5638660025775394,70.0,2.1574230992949257,-3.521935279319767,0.0
1774469333.689921,59.14087875374539,0.5645456039910551,70.0,2.1831706003013753,-3.555031030599648,0.0
1774469333.7401357,59.14036786284056,0.565168190188621,70.0,2.2071922716200985,-3.585855401077914,0.0
1774469333.7900636,59.13989877800037,0.5657357857101343,70.0,2.229548464922745,-3.6144890371540366,0.0
1774469333.8398561,59.138675566584865,0.5670045550566347,70.0,2.2842845767537745,-3.673274589016793,0.0
1774469333.8900163,59.1374911160554,0.5682223682127729,70.0,2.337476747903051,-3.730030341014845,0.0
1774469333.9398475,59.13680333559847,0.5686416084687957,70.0,2.369535344450732,-3.7527714254835645,0.0
1774469333.989856,59.13615404809429,0.5690112185325377,70.0,2.4000605196291183,-3.773535293174283,0.0
1774469334.03991,59.13557407489517,0.5698436375128917,70.0,2.4277308206300097,-3.8142380800859184,0.0
1774469334.0897875,59.13503061303019,0.5706304315552382,70.0,2.453946622048613,-3.8531233514502126,0.0
1774469334.1399548,59.13423460257955,0.5716070035366492,70.0,2.491070750583911,-3.900258424883752,0.0
1774469334.1898491,59.133472986597965,0.5725401236337293,70.0,2.5268247848850307,-3.945662606042345,0.0
1774469334.2399926,59.1326094729226,0.5733655571529724,70.0,2.5670376195818383,-3.9865858936908376,0.0
1774469334.2900035,59.13177920289349,0.5741489514155406,70.0,2.6059262324930086,-4.025834528514224,0.0
1774469334.3398354,59.1315661830674,0.5736695563841195,70.0,2.618505868264596,-4.011182611647871,0.0
1774469334.390054,59.131385691096916,0.5731497240435466,70.0,2.629789611128094,-3.9949194853445693,0.0
1774469334.4398563,59.13103683802628,0.5727304458688236,70.0,2.648367322541464,-3.983068172912743,0.0
1774469334.4898384,59.130717726798814,0.5722764557111673,70.0,2.665760182924924,-3.9698337795087295,0.0
1774469334.5401587,59.13057248087286,0.5723933913847503,70.0,2.6757996657811463,-3.9811180749651713,0.0
1774469334.5897968,59.130454993069336,0.5724805237595169,70.0,2.684733274650266,-3.9912150207842774,0.0
1774469334.6398215,59.130308032263514,0.5717593178857914,70.0,2.695005750155702,-3.9668152893212625,0.0
1774469334.689874,59.130186411328474,0.5710107832397873,70.0,2.704268701588519,-3.9413265536111903,0.0
1774469334.739976,59.128783147659824,0.5694750773749478,70.0,2.7684313599202,-3.8822355182387676,0.0
1774469334.7900188,59.127402973918166,0.5679169143502781,70.0,2.831674506803146,-3.8222493358524905,0.0
1774469334.8399162,59.127132408749645,0.5665713001175434,70.0,2.8475204962106653,-3.771410966449855,0.0
1774469334.8898234,59.126887222996324,0.5652102471659461,70.0,2.862355424283965,-3.719957136391896,0.0
1774469334.939852,59.12606836277731,0.5640594966384171,70.0,2.9018041364144365,-3.6775365926020784,0.0
1774469334.9897609,59.12527311650319,0.5628989052424096,70.0,2.9403122893965157,-3.6347236762844553,0.0
1774469335.0402176,59.12526721135649,0.5624445887347822,70.0,2.9451227203756045,-3.6221471457878676,0.0
1774469335.0897894,59.1252852634683,0.5619848082082934,70.0,2.9489786760035375,-3.6093528307405816,0.0
1774469335.1399503,59.12460042215643,0.5619496923226843,70.0,2.9829711063467923,-3.614739167349942,0.0
1774469335.1898394,59.12551349555052,0.5607783771670919,70.0,2.9486685811703195,-3.5715305461616764,0.0
1774469335.2399738,59.12644830673829,0.5596031097676425,70.0,2.913499740283253,-3.528164162424926,0.0
1774469335.2898395,59.12680407523673,0.5586486709918422,70.0,2.9031582215901435,-3.4942505067807312,0.0
1774469335.3398044,59.12717646847997,0.5576939952226008,70.0,2.892154266517621,-3.460327175932243,0.0
1774469335.3899183,59.128291849337955,0.5573774202853752,70.0,2.8494102477636885,-3.453698210717587,0.0
1774469335.4398177,59.129421255585406,0.5570632438194055,70.0,2.806107134000708,-3.4471647602041866,0.0
1774469335.489847,59.13056222314361,0.5567515829886964,70.0,2.762343095551771,-3.4407314931122865,0.0
1774469335.540268,59.13055808433066,0.5558569912322544,70.0,2.767593197050825,-3.409352841176306,0.0
1774469335.589869,59.13056082348674,0.5549650598750794,70.0,2.7725693016146833,-3.3780799697616617,0.0
1774469335.6400044,59.131859129196435,0.5546600516603559,70.0,2.722141061504142,-3.371904383023947,0.0
1774469335.6899896,59.13214428593628,0.553771911258491,70.0,2.715074167551341,-3.340768494834342,0.0
1774469335.7400317,59.132433625311776,0.5528884441302644,70.0,2.707840579927275,-3.309818586050237,0.0
1774469335.7900891,59.13292847114336,0.5520070594018593,70.0,2.6918262014996897,-3.278941082459419,0.0
1774469335.8398926,59.13342651247253,0.5511321508830294,70.0,2.6756843976502793,-3.2483213928695815,0.0
1774469335.889854,59.1345348117328,0.5503885264890853,70.0,2.6334428289102605,-3.223296367660127,0.0
1774469335.939859,59.13564480116371,0.5496529689689625,70.0,2.5911336300939256,-3.198592572102944,0.0
1774469335.9898727,59.13588246301014,0.5490758041440463,70.0,2.586141976778771,-3.1806394415496313,0.0
1774469336.0401413,59.13611836540181,0.5485076788721679,70.0,2.581220389625004,-3.163046342828962,0.0
1774469336.089803,59.13668411857571,0.547673772306771,70.0,2.5621824000869307,-3.1340560130240456,0.0
1774469336.1398263,59.13724797158874,0.54684919390825,70.0,2.54321998628841,-3.1054371382534702,0.0
1774469336.189941,59.13821180296893,0.5459601973707491,70.0,2.507139049719318,-3.0740331699826604,0.0
1774469336.2401521,59.139172562634926,0.5450816329457369,70.0,2.4711802490479147,-3.0430446237248825,0.0
1774469336.2899885,59.14005353415965,0.5437443258476578,70.0,2.4386219220217207,-2.9923985350071027,0.0
1774469336.3398614,59.14092906941017,0.5424185704596208,70.0,2.406279964206453,-2.9422123433296155,0.0
1774469336.3898215,59.1418702026094,0.5413735988748156,70.0,2.3711127808766013,-2.9039999502827065,0.0
1774469336.439841,59.142804083734795,0.540342688518893,70.0,2.3362342941818204,-2.866347524250368,0.0
1774469336.4898365,59.14393161338412,0.5393229780278395,70.0,2.293047272212794,-2.8291307166809214,0.0
1774469336.5399702,59.14505009949108,0.5383185919427149,70.0,2.2502202677425354,-2.7925242106359143,0.0
1774469336.589766,59.146634052991715,0.5375909786816154,70.0,2.187450463046476,-2.7677110914086476,0.0
1774469336.6398027,59.14820680141643,0.5368797606688107,70.0,2.1251266614950026,-2.7435510235283513,0.0
1774469336.689751,59.14962966051028,0.5360527360086682,70.0,2.0691765260983224,-2.7143884219669134,0.0
1774469336.739747,59.15103786886664,0.5352420852739982,70.0,2.0138097231972454,-2.6858779923385088,0.0
1774469336.7900362,59.15181050351921,0.5336511991578903,70.0,1.9855853271055424,-2.623940471589752,0.0
1774469336.8398678,59.15181050351921,0.5336511991578903,70.0,1.9855853271055424,-2.623940471589752,0.0
1774469336.8899517,59.15256589821782,0.5320769279849451,70.0,1.9580476138151046,-2.5626645003743884,0.0
1774469336.9399896,59.15411249241396,0.530573889485817,70.0,1.8966114838021872,-2.5043824137670017,0.0
1774469336.9900522,59.15564177598708,0.529090223742658,70.0,1.8358646241379248,-2.4468717789508156,0.0
1774469337.0398602,59.1572243553678,0.5278950047566884,70.0,1.772782487502853,-2.401640200933562,0.0
1774469337.0899239,59.15878699579751,0.5267213489833552,70.0,1.7104943281184397,-2.3572674367984128,0.0
1774469337.139973,59.1603874742935,0.5250976222531661,70.0,1.6465246989417575,-2.293575638311876,0.0
1774469337.189829,59.16196556048507,0.5234963460974282,70.0,1.583446787764954,-2.2307778813356762,0.0
1774469337.2398183,59.16351420825202,0.5215822820147313,70.0,1.5215585824321123,-2.1545293457875005,0.0
1774469337.2900202,59.165038217093176,0.519692853407565,70.0,1.4606516195886279,-2.0792618166536463,0.0
1774469337.3397923,59.16646816922746,0.5177634736356675,70.0,1.4036927501485628,-2.0022078391638267,0.0
1774469337.3898323,59.16787164197713,0.5158616342722959,70.0,1.3477884848605797,-1.9262506012968623,0.0
1774469337.4399505,59.16925149186351,0.5141905560441647,70.0,1.2928146715124078,-1.8600797833719809,0.0
1774469337.4899185,59.170603608894695,0.5125496790649553,70.0,1.2389454168944534,-1.7951117933711709,0.0
1774469337.5399528,59.17220364094696,0.5113387911121795,70.0,1.174387062724422,-1.748447089075413,0.0
1774469337.5898204,59.17377500585295,0.5101596648542619,70.0,1.110970425622398,-1.7030475181500604,0.0
1774469337.639976,59.17571232792478,-0.46483237223649787,70.0,1.0318111369436864,-2.6994557121125573,0.0
1774469337.6906302,59.1776194478675,-1.440563120257019,70.0,0.9538546220678008,-3.6664389259162204,0.0
1774469337.740161,59.178816387850745,-1.93066961851393,70.0,0.9061863242045561,-4.059783123438886,0.0
1774469337.7900763,59.179980562792295,-2.421120220297057,70.0,0.8598231283030533,-4.439420202036136,0.0
1774469337.8398788,59.18169019571636,-2.9096320712392587,60.0,0.7900289749167291,-4.902996079121739,0.0
1774469337.8898556,59.183367281630915,-3.3984780657922617,60.0,0.7215310846887593,-5.3532621438682675,0.0
1774469337.9398384,59.184521261497565,-3.402041695592133,60.0,0.675313075572258,-5.214079807872683,0.0
1774469337.989982,59.185641120499916,-3.4055510977174683,60.0,0.6304541972462969,-5.077057062593111,0.0
1774469338.0398319,59.18665507253866,-3.4092719808965577,60.0,0.590026011618019,-4.930820402815037,0.0
1774469338.0897827,59.187635320193465,-3.4129344045303087,60.0,0.5509404030705279,-4.786911892089896,0.0
1774469338.1398284,59.18857520792269,-3.416939783801483,60.0,0.5134832509045234,-4.6281524581946725,0.0
1774469338.189808,59.18948220118263,-3.4208824385728014,60.0,0.47733642749024724,-4.47189101226433,0.0
1774469338.2401345,59.18983731064361,-3.4236739982415,60.0,0.46470352092584905,-4.364680446235974,0.0
1774469338.2899473,59.19016041486787,-3.4263979662885315,60.0,0.453345684650597,-4.2601621386850965,0.0
1774469338.3397882,59.19045288002788,-3.4290541164440316,60.0,0.44320849618915925,-4.158345123173954,0.0
1774469338.3898346,59.191377095990845,-3.432326880590297,70.0,0.4059590187101993,-4.029949275121251,0.0
1774469338.4400918,59.192273381309576,-3.435531787711966,70.0,0.36982210200947746,-3.9042561142903978,0.0
1774469338.4900115,59.19293537830169,-3.4389334041859048,70.0,0.3436262089181745,-3.769944552611136,0.0
1774469338.540294,59.19356981460417,-3.4422652954044506,70.0,0.3185282127261764,-3.6384100718395564,0.0
1774469338.5898054,59.19424572895833,-3.4454602062554587,70.0,0.2915763785512235,-3.5125264701753034,0.0
1774469338.6398225,59.194895267293916,-3.4485832596430015,70.0,0.265675236257248,-3.3895049590188937,0.0
1774469338.689972,59.19538083383066,-3.451833245422474,70.0,0.24671253569586396,-3.2608393203118706,0.0
1774469338.7401505,59.19584099652532,-3.455010143677665,70.0,0.2287618482859966,-3.1350847612609285,0.0
1774469338.7907243,59.19648537994817,-3.4577130623286902,70.0,0.2028576662968044,-3.0293891989903323,0.0
1774469338.8397837,59.19710585498982,-3.460341534973451,70.0,0.177905867435749,-2.9266589989329903,0.0
1774469338.8898032,59.19764491798523,-3.4629621730376976,70.0,0.15636757941098148,-2.82404523537428,0.0
1774469338.9399793,59.198160849958754,-3.4655089317843273,70.0,0.1357507328373148,-2.724374277104052,0.0
1774469338.9900033,59.19832730747387,-3.467701388954428,70.0,0.1300177157506928,-2.6396434646971594,0.0
1774469339.040235,59.198471623365535,-3.469820665394289,70.0,0.12516682889865027,-2.557827747163571,0.0
1774469339.0897863,59.19863862405783,-3.472542565457358,70.0,0.1192835329601236,-2.4500192434994394,0.0
1774469339.1398451,59.19878558269896,-3.475193341116071,70.0,0.11419871477698107,-2.345043747819938,0.0
1774469339.1900148,59.20017557941739,-3.476335740904456,70.0,0.05588087523882135,-2.3043864018592557,0.0
1774469339.239891,59.20030179717949,-3.478373359082799,70.0,0.05157369213954319,-2.225222269448808,0.0
1774469339.2900593,59.20040861275504,-3.4803423852727917,70.0,0.04803950404512733,-2.1487904448524855,0.0
1774469339.3397808,59.20095363641545,-3.4826636674202405,70.0,0.02570467807137261,-2.057089867175752,0.0
1774469339.3900745,59.20148119329055,-3.484918282742303,70.0,0.0040656127874295865,-1.9680448086204068,0.0
1774469339.4398959,59.201400281825066,-3.4866819212454,70.0,0.008405647517057593,-1.899808099744493,0.0
1774469339.489993,59.20130216073611,-3.4883795733740275,70.0,0.013431380231291368,-1.834199960493299,0.0
1774469339.5402455,59.20002597489444,-3.4905104950177708,70.0,0.06880732553793045,-1.7498658540936212,0.0
1774469339.5903068,59.19873475173869,-3.492577886025025,70.0,0.12478276983366857,-1.668062364930814,0.0
1774469339.6398423,59.198591173526395,-3.4941513483791233,70.0,0.13162730928178895,-1.6072030691240837,0.0
1774469339.6899123,59.19843854422677,-3.4956621549765097,70.0,0.1388325103946719,-1.5488396946713525,0.0
1774469339.739899,59.19854899701599,-3.4970537290097807,60.0,0.13475890462121265,-1.495396356327067,0.0
1774469339.7899272,59.19865197176401,-3.4983852211251185,60.0,0.13098321201957405,-1.444346443022726,0.0
1774469339.8397956,59.19812606473777,-3.5001076548030117,60.0,0.15408973926645772,-1.376399460755624,0.0
1774469339.8898675,59.19759316474931,-3.5017728940484067,60.0,0.1774750397431279,-1.3107307603432727,0.0
1774469339.939895,59.19653126161064,-3.5023085785103008,60.0,0.22347439171131983,-1.2932176837444485,0.0
1774469339.9897714,59.195464844578595,-3.502788386135382,60.0,0.2696539027087249,-1.2779307394927872,0.0
1774469340.039919,59.194783189618036,-3.504163840031381,60.0,0.299366435997548,-1.224171547597901,0.0
1774469340.0899224,59.19410102591354,-3.5054885709486285,60.0,0.3290994427628155,-1.1724328984338468,0.0
1774469340.139837,59.19280579276507,-3.507223829267994,60.0,0.3850615736613527,-1.1029851625397746,0.0
1774469340.189845,59.19151227702292,-3.508910162032378,60.0,0.44095566370318573,-1.0354862484413692,0.0
1774469340.2398348,59.19131428391117,-3.5096918740271987,60.0,0.44999506147742246,-1.006543038538214,0.0
1774469340.2899683,59.191122120654526,-3.5104249440610578,60.0,0.4588022474355678,-0.9795376295762247,0.0
1774469340.3399272,59.190941670606875,-3.5107746733479415,60.0,0.46712556535842903,-0.9687933576685267,0.0
1774469340.3900373,59.190767064350844,-3.5110791031502524,60.0,0.4752161112877759,-0.9598538402675435,0.0
1774469340.4400623,59.19052983080323,-3.511406548190893,60.0,0.48600300933361373,-0.9498030934789145,0.0
1774469340.4900546,59.1902983922301,-3.5116930608145425,60.0,0.49655909728196584,-0.9413831126529818,0.0
1774469340.540028,59.18993474708742,-3.512140114615755,60.0,0.5127882826796015,-0.9259807453718137,0.0
1774469340.5897806,59.18957703156342,-3.512550170356608,60.0,0.528781330838351,-0.9120523541274389,0.0
1774469340.6398282,59.18915707506084,-3.5129908818306017,70.0,0.5474553938429979,-0.8967082855941425,0.0
